Workbook

Sheet pivot_source
A3: (empty) | B3: reported_Salinity
A4: short_remark | B4: (empty) | C4: Total Result
A5: Data from original source
A6: Data provided by Dr. Felix Elling
A7: Data retrieved from Bale et al. (2019) AEM
A8: Data retrieved from Tierney dataset
A9: GDGT fractions digitized from the figure in the original paper
A10: Total Result

Sheet Sheet1
A1: reported_Temp | B1: - all -
A2: reported_Salinity | B2: - all -
A4: NCBI_family | B4: GTDB_class | C4: GTDB_order | D4: Count of sampleName
A5: f__Nitrosopumilaceae | D5: 4
B6: c__Nitrososphaeria | D6: 4
C7: o__Nitrososphaerales | D7: 4
A8: x__Nitrososphaerota incertae sedis | D8: 1
B9: c__Nitrososphaeria | D9: 1
C10: o__Nitrososphaerales | D10: 1
A11: f__ | D11: 22
B12: c__Nitrososphaeria | D12: 22
C13: o__Nitrososphaerales | D13: 22
A14: f__Acidilobaceae | D14: 16
B15: c__Thermoprotei_A | D15: 16
C16: o__Sulfolobales | D16: 16
A17: f__Cenarchaeaceae | D17: 1
B18: c__Nitrososphaeria | D18: 1
C19: o__Nitrososphaerales | D19: 1
A20: f__Desulfurococcaceae | D20: 2
B21: c__Thermoprotei_A | D21: 2
C22: o__Sulfolobales | D22: 2
A23: f__Nitrosopumilaceae | D23: 100
B24: c__Nitrososphaeria | D24: 100
C25: o__Nitrososphaerales | D25: 100
A26: f__Nitrososphaeraceae | D26: 10
B27: c__Nitrososphaeria | D27: 10
C28: o__Nitrososphaerales | D28: 10
A29: f__Picrophilaceae | D29: 26
B30: c__Thermoplasmata | D30: 26
C31: o__Thermoplasmatales | D31: 26
A32: f__Sulfolobaceae | D32: 2
B33: c__Thermoprotei_A | D33: 2
C34: o__Sulfolobales | D34: 2
A35: f__Thermoproteaceae | D35: 2
B36: c__Thermoprotei | D36: 2
C37: o__Thermoproteales | D37: 2
A38: f__Ca. Nitrosocaldaceae | D38: 2
B39: c__Nitrososphaeria | D39: 2
C40: o__Nitrososphaerales | D40: 2
A41: Total Result | D41: 188

Sheet Frac_isoGDGTs

Sheet Strain_IDs
A1: organism_reported_names | B1: phyloT_leaf_order | C1: GTDB_phyloT_leaf_order | D1: Strains | E1: GTDB ID | F1: PhyloT_ID | G1: NCBI ID | H1: organism_broadClass2 | I1: organism_broadClass3 | J1: fCren_prime vs fCren trend | K1: seawater temperature at sampling depth (°C) | L1: average sampling water depth (m) | M1: reported sampling depth range | N1: temperature optimum | O1: Isolate from | P1: Geographic location | Q1: Source | R1: DOI | S1: 16S_rRNA_accessionID | T1: amoA_gene_accessionID | U1: chromosome_complete_accessionID
A2: Nitrosopumilus oxyclinae HCE1 | B2: 7 | C2: 1 | D2: HCE1 | E2: GCF_013407165.1 | F2: RS_GCF_013407165.1 | G2: 1959104 | H2: Group 1.1a | I2: Group 1.1a-Nitrosopumilus | J2: SCM1-like; High cren/low cren' | L2: 17 | M2: 17 m | O2: the lower euphotic zone of coastal waters | Q2: Qin et al. (2015) | R2: https://doi.org/10.1073/pnas.1501568112 | S2: NR_159207.1 | T2: KX950755.1 | U2: NZ_CP026994.1
A3: Nitrosopumilus cobalaminigenes HCA1 | B3: 9 | C3: 2 | D3: HCA1 | E3: GCF_013407145.1 | F3: RS_GCF_013407145.1 | G3: 1470066 | H3: Group 1.1a | I3: Group 1.1a-Nitrosopumilus | J3: SCM1-like; High cren/low cren' | L3: 50 | M3: 50 m | O3: Seawater samples for enrichment were collected from 50-m water depth at the Puget Sound Regional Synthesis Model (PRISM) Station P10 (47.91 N, 122.62 W) in Hood Canal, Washington, in October 2008. (Hood Canal station P10 - Oligotrophic AOA) | Q3: Qin et al. (2015) | R3: https://doi.org/10.1073/pnas.1501568112 | S3: NR_159206.1 | T3: KX950754.1 | U3: NZ_CP026993.1
A4: Cand. Nitrosomarinus catalina SPOT1 | C4: 3 | D4: SPOT1 | E4: GCF_002156965.1 | F4: RS_GCF_002156965.1 | G4: 1898749 | U4: NZ_CP021324.1
A5: Nitrosopumilus ureiphilus PS0 | B5: 3 | C5: 4 | D5: PS0 | E5: GCF_013407185.1 | F5: RS_GCF_013407185.1 | G5: 1470067 | H5: Group 1.1a | I5: Group 1.1a-Nitrosopumilus | J5: SCM1-like; High cren/low cren' | L5: 0 | M5: 0 m (on a beach) | O5: Seawater samples for enrichment of ammonia oxidizing archaea (AOA) were collected from Puget Sound surface sediment on a beach in August 2006 (Puget Sound main basin - oligotrophic AOA) | Q5: Qin et al. (2015) | R5: https://doi.org/10.1073/pnas.1501568112 | S5: NR_159208.1 | T5: KX950756.1 | U5: NZ_CP026995.1
A6: Nitrosopumilus adriaticus NF5 | B6: 6 | C6: 5 | D6: NF5 | E6: GCF_000956175.1 | F6: RS_GCF_000956175.1 | G6: 1580092 | H6: Group 1.1a | I6: Group 1.1a-Nitrosopumilus | J6: NAOA2-like; Low cren/high cren' | K6: 15.5 | L6: 0.5 | M6: 0.5 m | O6: Northern Adriatic coastal surface water sampled off Piran (Bayer et al., 2016 ISME) - November 2011 | P6: Northern Adriatic Sea | Q6: Elling et al. (2017) | R6: https://doi.org/10.1111/1462-2920.13759 | S6: NR_177395.1 | U6: NZ_CP011070.1
A7: Nitrosopumilus adriaticus CCS1 | C7: 5.1 | D7: CCS1 | U7: NZ_CP167059.1
A8: Ca. Nitrosopumilus sp. NAOA2 | B8: 20 | C8: 5.2 | D8: NAOA2 | G8: 1701109 | H8: Group 1.1a | I8: Group 1.1a-Nitrosopumilus | J8: NAOA2-like; Low cren/high cren' | K8: 14.9 | L8: 5 | M8: 5 m | O8: isolated from surface water samples from the Benguela upwelling system at station GeoB 12802 (NAOA2; 5 m water depth; in situ temperature 14.9 °C; 25°30′ S, 13°27′E) taken during R/V Meteor cruise M76/1 in 2008 (Zabel et al., 2008) | Q8: Elling et al. (2015) | R8: https://doi.org/10.1016/j.gca.2015.09.004 | S8: KT380501.1 | T8: KT380499.1
A9: Nitrosopumilus koreensis AR1 | B9: 2 | C9: 6 | D9: AR1 | E9: GCF_000299365.1 | F9: RS_GCF_000299365.1 | G9: 1229908 | H9: Group 1.1a | I9: Group 1.1a-Nitrosopumilus | J9: Intermediate between SCM1-like and NAOA2-like | L9: 78 | M9: 78 m | O9: Marine sediments (ca. 100 g of sediment from a depth of 0 to 1 cm) collected from Svalbard (Arctic region, 016°28′E, 78°21′N; depth, 78 m) | P9: Svalbard | Q9: Pitcher et al. (2011) | R9: https://doi.org/10.1128/AEM.02758-10 | U9: CP003842.1
A10: Nitrosopumilus maritimus SCM1 | B10: 4 | C10: 7 | D10: SCM1 | E10: GCF_000018465.1 | F10: RS_GCF_000018465.1 | G10: 338192 | H10: Group 1.1a | I10: Group 1.1a-Nitrosopumilus | J10: SCM1-like; High cren/low cren' | O10: a tropical marine fish tank at the Seattle Aquarium in Seattle | P10: Washington | Q10: Elling et al. (2015) | R10: https://doi.org/10.1016/j.gca.2015.09.004 | S10: JQ346765.1 | T10: EU239959.1 | U10: CP000866.1
A11: Ca. Nitrosopumilus sp. NAOA6 | B11: 5 | C11: 7.1 | D11: NAOA6 | H11: Group 1.1a | I11: Group 1.1a-Nitrosopumilus | J11: NAOA2-like; Low cren/high cren' | K11: 13.6 | L11: 5 | M11: 5 m | O11: isolated from surface water samples from the Benguela upwelling system at station GeoB 12806 (NAOA6; 5 m; 13.6 °C; 25°S, 14°23′E) taken during R/V Meteor cruise M76/1 in 2008 (Zabel et al., 2008) | Q11: Elling et al. (2015) | R11: https://doi.org/10.1016/j.gca.2015.09.004 | S11: KT380502.1 | T11: KT380500.1
A12: Nitrosopumilus piranensis D3C | B12: 1 | C12: 8 | D12: D3C | E12: GCF_000875775.1 | F12: RS_GCF_000875775.1 | G12: 1582439 | H12: Group 1.1a | I12: Group 1.1a-Nitrosopumilus | J12: Intermediate between SCM1-like and NAOA2-like | K12: 13.1 | L12: 0.5 | M12: 0.5 m | O12: Northern Adriatic Sea surface water (Bayer et al., 2016 ISME) - December 2011 | P12: Northern Adriatic Sea | Q12: Elling et al. (2017) | R12: https://doi.org/10.1111/1462-2920.13759 | S12: NR_177396.1 | U12: CP010868.1
A13: Nitrosopumilus sp. SJ | B13: 8 | C13: 8.1 | D13: SJ | G13: 1027374 | H13: Group 1.1a | I13: Group 1.1a-Nitrosopumilus | J13: Intermediate between SCM1-like and NAOA2-like | L13: 650 | M13: 650 m | O13: Marine sediments (ca. 100 g of sediment from a depth of 0 to 1 cm) collected from Donghae (128°35′E, 38°20′N; depth, 650 m) | P13: South Korea | Q13: Pitcher et al. (2011) | R13: https://doi.org/10.1128/AEM.02758-10
A14: Nitrosarchaeum koreense MY1 | B14: 10 | C14: 9 | D14: MY1T | E14: GCF_000220175.1 | F14: RS_GCF_000220175.1 | G14: 1088740 | H14: Group 1.1a | I14: Group 1.1a-Nitrosopumilus | J14: SCM1-like; High cren/low cren' | O14: Soil of an experimental agricultural station at the Chungbuk Natinonal University (Jung MY et al. 2011 AEM) | P14: South Korea | Q14: Jung et al. (2011) | R14: https://doi.org/10.1128/AEM.05787-11 | S14: NR_177299.1 | T14: HQ331117.1
A15: Ca. Nitrosarchaeum limnia SFB1 | B15: 11 | C15: 10 | D15: SFB1 | E15: GCA_000204585.1 | F15: GB_GCA_000204585.1 | G15: 1007084 | H15: Group 1.1a | I15: Group 1.1a-Nitrosopumilus | J15: SCM1-like; High cren/low cren' | K15: 21.6 | L15: 5 | M15: 5 m (read from https://www.ncei.noaa.gov/maps/bathymetry/) | O15: sediments (0-5 cm) collected in northern part of the San Francisco Bay estuary (site SU001S; 38°5′55.75″N, 122° 2′47.40″W) in 2006 (Mosier and Francis 2008 Envi. Microbio.) | P15: San Francisco Bay | Q15: Pitcher et al. (2011) | R15: https://doi.org/10.1128/AEM.02758-10 | U15: CM001158.1
A16: Cenarchaeum symbiosum A | B16: 19 | C16: 11 | D16: A | E16: GCA_000200715.1 | F16: GB_GCA_000200715.1 | G16: 46770 | H16: Group 1.1a | I16: Group 1.1a-Nitrosopumilus | J16: High Cren/No Cren' | L16: 15 | M16: 10 to 20 m | O16: Sponges were collected at depths of 10-20 m by SCUBA divingat two different sites located just offshore of Santa Barbara,CA. (Preston, Molinski, and DeLong (1996) PNAS) | P16: Santa Barbara Bay, CA | Q16: Sinninghe Damste et al. (2002) | R16: 10.1194/jlr.m200148-jlr200 | U16: DP000238.1
A17: Nitropelagicus brevis CN25 | C17: 12 | D17: CN25 | E17: GCF_000812185.1 | F17: RS_GCF_000812185.1 | U17: CP007026.1
A18: Ca. Nitrosotenuis uzonensis N4 | B18: 18 | C18: 13 | D18: N4 | E18: GCF_000723185.1 | F18: RS_GCF_000723185.1 | G18: 1407055 | H18: Group 1.1a | I18: Group 1.1a-Nitrosopumilus | J18: NAOA2-like; Low cren/high cren' | O18: thermal spring | P18: Kamchatka | Q18: Bale et al. (2019) | R18: https://doi.org/10.1128/AEM.01332-19
A19: Ca. Nitrosotenuis chungbukensis MY2 | B19: 17 | C19: 14 | D19: MY2 | E19: GCF_030518575.1 | F19: RS_GCF_030518575.1 | G19: 1353246 | H19: Group 1.1a | I19: Group 1.1a-Nitrosopumilus | J19: SCM1-like; High cren/low cren' | O19: a deep oligotrophic soil horizon | P19: South Korea | Q19: Jung et al. (2014) | R19: https://doi.org/10.1128/AEM.03730-13
A20: Ca. Nitrososphaera gargensis Ga9.2 | B20: 14 | C20: 15 | D20: Ga9.2 | E20: GCF_000303155.1 | F20: RS_GCF_000303155.1 | G20: 497727 | H20: Group 1.1b | I20: Group 1.1b-Nitrososphaera | J20: Hot spring-like/High Cren' | O20: microbial mat sample from the Garga hot spring in the Buryat Republic (Hatzenpichler et al., 2008) | P20: Russia | Q20: Elling et al. (2017) | R20: https://doi.org/10.1111/1462-2920.13759 | U20: CP002408.1
A21: Nitrososphaera viennensis EN76 | B21: 12 | C21: 16 | D21: EN76 | E21: GCF_000698785.1 | F21: RS_GCF_000698785.1 | G21: 1034015 | H21: Group 1.1b | I21: Group 1.1b-Nitrososphaera | J21: Hot spring-like/High Cren' | O21: isolated from garden soil in Vienna (Tourna M et al. 2011. PNAS) | P21: Austria | Q21: Sinninghe Damste et al. (2012) | R21: https://doi.org/10.1128/AEM.01681-12 | S21: FR773157.1 | T21: FR773159.1 | U21: CP007536.1
A22: Ca. Nitrosocosmicus oleophilus MY3 | B22: 15 | C22: 17 | D22: MY3 | E22: GCF_000802205.1 | F22: RS_GCF_000802205.1 | G22: 1353260 | H22: Group 1.1b | I22: Group 1.1b-Nitrososphaera | J22: SCM1-like; High cren/low cren' | O22: surface sediment rich in decaying forest-leaf litter and contaminated by hydrocarbons characteristic of coal-tar waste | P22: South Korea | Q22: Jung et al. (2016) | R22: https://doi.org/10.1111/1758-2229.12477 | U22: CP012850.1
A23: Metallosphaera sedula DSM 5348 | B23: 27 | C23: 18 | D23: DSM 5348 | E23: GCA_000016605.1 | F23: GB_GCA_000016605.1 | G23: 43687 | H23: Sulfolobaceae | I23: Sulfolobaceae | J23: No Cren/Cren' | O23: hot water pond | P23: Naples, Pisciarelli Solfatara, Italy | Q23: Pearson et al. (2008) | R23: https://doi.org/10.1128/AEM.02450-07 | S23: NR_074387.1 | U23: CP000682.1
A24: Sulfolobus solfataricus P2 | B24: 26 | C24: 19 | D24: P2 | E24: GCF_000007005.1 | F24: RS_GCF_000007005.1 | G24: 273057 | H24: Sulfolobaceae | I24: Sulfolobaceae | J24: No Cren/Cren' | O24: volcanic hot spring | P24: Campi flegrei, Pisciarelli near Agnano, Italy | Q24: Pearson et al. (2008) | R24: https://doi.org/10.1128/AEM.02450-07 | U24: AE006641.1
A25: Desulfurococcus amylolyticus DSM 16532 | B25: 29 | C25: 20 | D25: DSM 16532 | E25: GCF_000231015.2 | F25: RS_GCF_000231015.2 | G25: 94694 | H25: Desulfurococcaceae | I25: Desulfurococcaceae | J25: No Cren/Cren' | O25: freshwater hot spring | P25: Kamchatka Peninsula, Uzon caldera | Q25: Pearson et al. (2008) | R25: https://doi.org/10.1128/AEM.02450-07 | S25: NR_042810.1 | U25: NC_018001.1
A26: Desulfurococcus amylolyticus Z-533 | B26: 28 | C26: 20 | D26: Z-533 (or DSM 3822) | E26: GCF_000513855.1 | F26: RS_GCF_000513855.1 | G26: 94694 | H26: Desulfurococcaceae | I26: Desulfurococcaceae | J26: No Cren/Cren' | O26: hot spring | P26: Kamchatka | Q26: Pearson et al. (2008) | R26: https://doi.org/10.1128/AEM.02450-07 | S26: NR_114559.1
A27: Acidilobus saccharovorans 345-15 | B27: 21 | C27: 21 | D27: 345-15 | E27: GCF_000144915.1 | F27: RS_GCF_000144915.1 | G27: 242703 | H27: Acidilobaceae | I27: Acidilobaceae | J27: No Cren/Cren' | O27: mixture of water and mud from an acidic terrestrial hot pool | P27: Kamchatka | Q27: Pearson et al. (2008) | R27: https://doi.org/10.1128/AEM.02450-07 | S27: NR_102933.1 | U27: CP001742.1
A28: Thermoproteus uzoniensis Z-605 | B28: 25 | C28: 22 | D28: DSM 5263; Z-605 (768-20) | E28: GCF_000193375.1 | F28: RS_GCF_000193375.1 | G28: 184117 | H28: Thermoproteaceae | I28: Thermoproteaceae | J28: No Cren/Cren' | Q28: Pearson et al. (2008) | R28: https://doi.org/10.1128/AEM.02450-07 | S28: NR_177322.1 | U28: CP002590.1
A29: Vulcanisaeta moutnovskia 768-28 | B29: 24 | C29: 23 | D29: 768-28 | E29: GCF_000190315.1 | F29: RS_GCF_000190315.1 | G29: 985053 | H29: Thermoproteaceae | I29: Thermoproteaceae | J29: No Cren/Cren' | Q29: Pearson et al. (2008) | R29: https://doi.org/10.1128/AEM.02450-07 | U29: CP002529.1
A30: Picrophulus oshimae | B30: 30 | C30: 24 | D30: DSM 9790 | E30: GCF_900176435.1 | F30: RS_GCF_900176435.1 | G30: 82076 | H30: Picrophilaceae | I30: Picrophilaceae | J30: Small Cren/No Cren' | O30: Solfataric field | P30: Hokkaido | Q30: Feyhl-Buska et al. (2016) | R30: https://doi.org/10.3389/fmicb.2016.01323 | S30: NR_074187.1 | U30: NC_005877.1
A31: Ca Nitrososphaera JG1 | B31: 13 | C31: 25.1 | D31: JG1 | G31: 1110358 | H31: Group 1.1b | I31: Group 1.1b-Nitrososphaera | J31: NAOA2-like; Low cren/high cren' | O31: Strain JG1 was also enriched from a soil sample from a Capsicum annuum cultivation field from the same agricultural station of the Chungbuk National University (Kim JG et al. 2012 AEM) | P31: South Korea | Q31: Sinninghe Damste et al. (2012) | R31: https://doi.org/10.1128/AEM.01681-12 | S31: JF748724.1 | T31: JF748723.1
A32: Ca. Nitrosocaldus yellowstonensis HL72 | B32: 16 | C32: 25.1 | D32: HL72 | G32: 1268556 | H32: HWCG-III | I32: HWCG-III-Nitrosocaldus | J32: Intermediate between SCM1-like and NAOA2-like | O32: hotspring, Yellowstone National Park, USA (de la Torre et al.,2008) | P32: USA | Q32: Elling et al. (2017) | R32: https://doi.org/10.1111/1462-2920.13759
A33: Acidilobus aceticus 1904 | B33: 22 | C33: 25.1 | D33: 1904 | G33: 105851 | H33: Acidilobaceae | I33: Acidilobaceae | J33: No Cren/Cren' | O33: continental hot vents | P33: Kamchatka | Q33: Pearson et al. (2008) | R33: https://doi.org/10.1128/AEM.02450-07 | S33: NR_041774.1
A34: Acidilobus sulfurireducens | B34: 23 | C34: 25.1 | D34: 7A | G34: 411357 | H34: Acidilobaceae | I34: Acidilobaceae | J34: SCM1-like; High cren/low cren' | O34: geothermal spring in Yellowstone National Park | P34: Wyoming, USA | Q34: Boyd et al. (2011) | R34: 10.1007/s00792-010-0339-y

Sheet master_cultures
A1: sampleName | B1: Strains | C1: organism_reported_names | D1: phyloT_order | E1: GTDB_phylum | F1: GTDB_class | G1: GTDB_order | H1: GTDB_family | I1: GTDB_genus | J1: GTDB_species | K1: NCBI_phylum | L1: NCBI_class | M1: NCBI_order | N1: NCBI_family | O1: NCBI_genus | P1: NCBI_species | Q1: organism_broadClass | R1: organism_broadClass2 | S1: organism_broadClass3 | T1: organism_genomes_combined_WGS_PGS | U1: isolate_from | V1: geographic_location | W1: sampleID_new | X1: reported_Temp | Y1: reported_Salinity | Z1: reported_pH | AA1: reported_oxy_micromolar | AB1: reported_ammonium | AC1: reported_ionicStrength | AD1: reported_AOR_umol_NO2_l_d | AE1: reported_growthPhase_growthRate | AF1: experiment_setup | AG1: Broad Filtration Class | AH1: Lipid Extractions | AI1: Filter pore size | AJ1: LCMS_instrumentation | AK1: sum_reported_fractions | AL1: reported_1302 | AM1: reported_1300 | AN1: reported_1298 | AO1: reported_1296 | AP1: reported_1292 | AQ1: reported_1292_iso | AR1: reported_1294 | AS1: reported_1290 | AT1: reported_1288 | AU1: reported_1286 | AV1: reported_1292_iso2 | AW1: reported_1294_iso | AX1: reported_1290_iso | AY1: reported_1288_iso | AZ1: reported_1286_iso | BA1: fGDGT_0 | BB1: fGDGT_1 | BC1: fGDGT_2 | BD1: fGDGT_3 | BE1: fGDGT_cren | BF1: fGDGT_cren_prime | BG1: BITindex | BH1: dataType_level0 | BI1: dataType_level1 | BJ1: Source | BK1: short_remark | BL1: full_remark | BM1: duplicate_Datasets | BN1: incomplete_GDGT_fractions | BO1: BIT_QC_above05 | BP1: gdgt0Cren_QC_above07 | BQ1: MI_QC_above05 | BR1: QC_Indices_check | BS1: detectionLimit_check | BT1: Source2 | BU1: firstAuthor_firstName | BV1: DOI | BW1: Taxonomy data update
A2: Bale2019_001_Cultures_ThAOA_Ca_Nitrosotenuis uzonesis_P-GDGT_DH_37 | B2: N4 | C2: Ca. Nitrosotenuis uzonensis N4 | D2: =INDEX(Strain_IDs!C:C,MATCH(Table1[[#This Row],[Strains]],Strain_IDs!D:D,0)) -> 13 | E2: p__Thermoproteota | F2: c__Nitrososphaeria | G2: o__Nitrososphaerales | H2: f__Nitrosopumilaceae | I2: g__Nitrosotenuis | K2: p__Nitrososphaerota | L2: c__Nitrososphaeria | M2: o__Nitrosopumilales | N2: f__ | O2: g__Nitrosotenuis | Q2: Terrestrial thermophile | R2: Group 1.1a | S2: Group 1.1a-Nitrosopumilus | T2: sequenced | W2: RR_culture_001 | X2: 37 | AF2: Culture-temperature | AG2: IPL-GDGTs | AH2: IPL-GDGT (reported); 2G (Dihexose) | AJ2: NP-HPLC-ESI-Ion Trap-MS | AK2: =SUM(Table1[[#This Row],[reported_1302]:[reported_1286_iso]]) -> 25.4 | AL2: 0 | AM2: 0.6 | AN2: 2.8 | AO2: 5 | AP2: 4 | AQ2: 0 | AR2: 13 | BA2: =AL2/SUM($AL2:$AQ2) -> 0 | BB2: =AM2/SUM($AL2:$AQ2) -> 0.048387097 | BC2: =AN2/SUM($AL2:$AQ2) -> 0.22580645 | BD2: =AO2/SUM($AL2:$AQ2) -> 0.40322581 | BE2: =AP2/SUM($AL2:$AQ2) -> 0.32258065 | BF2: =AQ2/SUM($AL2:$AQ2) -> 0 | BG2: =#N/A -> #N/A | BH2: Culture | BI2: Culture - ThAOA | BJ2: Bale et al. (2019) AEM | BK2: Data from original source | BL2: Data from original source; average abundance from 4 replicates | BM2: No | BN2: No | BO2: Not reported; Assumed no brGDGTs (cultures) | BP2: No | BQ2: Yes | BR2: Fail | BS2: Fail | BT2: Bale et al. (2019) | BU2: Nicole | BV2: https://doi.org/10.1128/AEM.01332-19 | BW2: GTDB Release 214.1; NCBI (retrieved from February 21, 2024)
A3: Bale2019_002_Cultures_ThAOA_Ca_Nitrosotenuis uzonesis_P-GDGT_DH_46 | B3: N4 | C3: Ca. Nitrosotenuis uzonensis N4 | D3: =INDEX(Strain_IDs!C:C,MATCH(Table1[[#This Row],[Strains]],Strain_IDs!D:D,0)) -> 13 | E3: p__Thermoproteota | F3: c__Nitrososphaeria | G3: o__Nitrososphaerales | H3: f__Nitrosopumilaceae | I3: g__Nitrosotenuis | K3: p__Nitrososphaerota | L3: c__Nitrososphaeria | M3: o__Nitrosopumilales | N3: f__ | O3: g__Nitrosotenuis | Q3: Terrestrial thermophile | R3: Group 1.1a | S3: Group 1.1a-Nitrosopumilus | T3: sequenced | W3: RR_culture_002 | X3: 46 | AF3: Culture-temperature | AG3: IPL-GDGTs | AH3: IPL-GDGT (reported); 2G (Dihexose) | AJ3: NP-HPLC-ESI-Ion Trap-MS | AK3: =SUM(Table1[[#This Row],[reported_1302]:[reported_1286_iso]]) -> 28.7 | AL3: 0 | AM3: 0.3 | AN3: 1.9 | AO3: 4.5 | AP3: 11 | AQ3: 0 | AR3: 11 | BA3: =AL3/SUM($AL3:$AQ3) -> 0 | BB3: =AM3/SUM($AL3:$AQ3) -> 0.016949153 | BC3: =AN3/SUM($AL3:$AQ3) -> 0.10734463 | BD3: =AO3/SUM($AL3:$AQ3) -> 0.25423729 | BE3: =AP3/SUM($AL3:$AQ3) -> 0.62146893 | BF3: =AQ3/SUM($AL3:$AQ3) -> 0 | BG3: =#N/A -> #N/A | BH3: Culture | BI3: Culture - ThAOA | BJ3: Bale et al. (2019) AEM | BK3: Data from original source | BL3: Data from original source; average abundance from 4 replicates | BM3: No | BN3: No | BO3: Not reported; Assumed no brGDGTs (cultures) | BP3: No | BQ3: No | BR3: Pass | BS3: Fail | BT3: Bale et al. (2019) | BU3: Nicole | BV3: https://doi.org/10.1128/AEM.01332-19 | BW3: GTDB Release 214.1; NCBI (retrieved from February 21, 2024)
A4: Bale2019_003_Cultures_ThAOA_Ca_Nitrosotenuis uzonesis_P-GDGT_DH_50 | B4: N4 | C4: Ca. Nitrosotenuis uzonensis N4 | D4: =INDEX(Strain_IDs!C:C,MATCH(Table1[[#This Row],[Strains]],Strain_IDs!D:D,0)) -> 13 | E4: p__Thermoproteota | F4: c__Nitrososphaeria | G4: o__Nitrososphaerales | H4: f__Nitrosopumilaceae | I4: g__Nitrosotenuis | K4: p__Nitrososphaerota | L4: c__Nitrososphaeria | M4: o__Nitrosopumilales | N4: f__ | O4: g__Nitrosotenuis | Q4: Terrestrial thermophile | R4: Group 1.1a | S4: Group 1.1a-Nitrosopumilus | T4: sequenced | W4: RR_culture_003 | X4: 50 | AF4: Culture-temperature | AG4: IPL-GDGTs | AH4: IPL-GDGT (reported); 2G (Dihexose) | AJ4: NP-HPLC-ESI-Ion Trap-MS | AK4: =SUM(Table1[[#This Row],[reported_1302]:[reported_1286_iso]]) -> 35.6 | AL4: 0 | AM4: 0.1 | AN4: 2.8 | AO4: 5.7 | AP4: 14 | AQ4: 0 | AR4: 13 | BA4: =AL4/SUM($AL4:$AQ4) -> 0 | BB4: =AM4/SUM($AL4:$AQ4) -> 0.0044247788 | BC4: =AN4/SUM($AL4:$AQ4) -> 0.12389381 | BD4: =AO4/SUM($AL4:$AQ4) -> 0.25221239 | BE4: =AP4/SUM($AL4:$AQ4) -> 0.61946903 | BF4: =AQ4/SUM($AL4:$AQ4) -> 0 | BG4: =#N/A -> #N/A | BH4: Culture | BI4: Culture - ThAOA | BJ4: Bale et al. (2019) AEM | BK4: Data from original source | BL4: Data from original source; average abundance from 4 replicates | BM4: No | BN4: No | BO4: Not reported; Assumed no brGDGTs (cultures) | BP4: No | BQ4: No | BR4: Pass | BS4: Fail | BT4: Bale et al. (2019) | BU4: Nicole | BV4: https://doi.org/10.1128/AEM.01332-19 | BW4: GTDB Release 214.1; NCBI (retrieved from February 21, 2024)
A5: Bale2019_004_Cultures_ThAOA_Ca_Nitrosotenuis uzonesis_P-GDGT_HPH_37 | B5: N4 | C5: Ca. Nitrosotenuis uzonensis N4 | D5: =INDEX(Strain_IDs!C:C,MATCH(Table1[[#This Row],[Strains]],Strain_IDs!D:D,0)) -> 13 | E5: p__Thermoproteota | F5: c__Nitrososphaeria | G5: o__Nitrososphaerales | H5: f__Nitrosopumilaceae | I5: g__Nitrosotenuis | K5: p__Nitrososphaerota | L5: c__Nitrososphaeria | M5: o__Nitrosopumilales | N5: f__ | O5: g__Nitrosotenuis | Q5: Terrestrial thermophile | R5: Group 1.1a | S5: Group 1.1a-Nitrosopumilus | T5: sequenced | W5: RR_culture_004 | X5: 37 | AF5: Culture-temperature | AG5: IPL-GDGTs | AH5: IPL-GDGT (reported); HPH | AJ5: NP-HPLC-ESI-Ion Trap-MS | AK5: =SUM(Table1[[#This Row],[reported_1302]:[reported_1286_iso]]) -> 36 | AL5: 7 | AM5: 9.2 | AN5: 3.8 | AO5: 1.8 | AP5: 14 | AQ5: 0 | AR5: 0.2 | BA5: =AL5/SUM($AL5:$AQ5) -> 0.19553073 | BB5: =AM5/SUM($AL5:$AQ5) -> 0.25698324 | BC5: =AN5/SUM($AL5:$AQ5) -> 0.10614525 | BD5: =AO5/SUM($AL5:$AQ5) -> 0.05027933 | BE5: =AP5/SUM($AL5:$AQ5) -> 0.39106145 | BF5: =AQ5/SUM($AL5:$AQ5) -> 0 | BG5: =#N/A -> #N/A | BH5: Culture | BI5: Culture - ThAOA | BJ5: Bale et al. (2019) AEM | BK5: Data from original source | BL5: Data from original source; average abundance from 4 replicates | BM5: No | BN5: No | BO5: Not reported; Assumed no brGDGTs (cultures) | BP5: No | BQ5: Yes | BR5: Fail | BS5: Fail | BT5: Bale et al. (2019) | BU5: Nicole | BV5: https://doi.org/10.1128/AEM.01332-19 | BW5: GTDB Release 214.1; NCBI (retrieved from February 21, 2024)
A6: Bale2019_005_Cultures_ThAOA_Ca_Nitrosotenuis uzonesis_P-GDGT_HPH_46 | B6: N4 | C6: Ca. Nitrosotenuis uzonensis N4 | D6: =INDEX(Strain_IDs!C:C,MATCH(Table1[[#This Row],[Strains]],Strain_IDs!D:D,0)) -> 13 | E6: p__Thermoproteota | F6: c__Nitrososphaeria | G6: o__Nitrososphaerales | H6: f__Nitrosopumilaceae | I6: g__Nitrosotenuis | K6: p__Nitrososphaerota | L6: c__Nitrososphaeria | M6: o__Nitrosopumilales | N6: f__ | O6: g__Nitrosotenuis | Q6: Terrestrial thermophile | R6: Group 1.1a | S6: Group 1.1a-Nitrosopumilus | T6: sequenced | W6: RR_culture_005 | X6: 46 | AF6: Culture-temperature | AG6: IPL-GDGTs | AH6: IPL-GDGT (reported); HPH | AJ6: NP-HPLC-ESI-Ion Trap-MS | AK6: =SUM(Table1[[#This Row],[reported_1302]:[reported_1286_iso]]) -> 33.2 | AL6: 0.7 | AM6: 1.4 | AN6: 1.3 | AO6: 0.8 | AP6: 29 | AQ6: 0 | AR6: 0 | BA6: =AL6/SUM($AL6:$AQ6) -> 0.021084337 | BB6: =AM6/SUM($AL6:$AQ6) -> 0.042168675 | BC6: =AN6/SUM($AL6:$AQ6) -> 0.039156627 | BD6: =AO6/SUM($AL6:$AQ6) -> 0.024096386 | BE6: =AP6/SUM($AL6:$AQ6) -> 0.87349398 | BF6: =AQ6/SUM($AL6:$AQ6) -> 0 | BG6: =#N/A -> #N/A | BH6: Culture | BI6: Culture - ThAOA | BJ6: Bale et al. (2019) AEM | BK6: Data from original source | BL6: Data from original source; average abundance from 4 replicates | BM6: No | BN6: No | BO6: Not reported; Assumed no brGDGTs (cultures) | BP6: No | BQ6: No | BR6: Pass | BS6: Fail | BT6: Bale et al. (2019) | BU6: Nicole | BV6: https://doi.org/10.1128/AEM.01332-19 | BW6: GTDB Release 214.1; NCBI (retrieved from February 21, 2024)
A7: Bale2019_006_Cultures_ThAOA_Ca_Nitrosotenuis uzonesis_P-GDGT_HPH_50 | B7: N4 | C7: Ca. Nitrosotenuis uzonensis N4 | D7: =INDEX(Strain_IDs!C:C,MATCH(Table1[[#This Row],[Strains]],Strain_IDs!D:D,0)) -> 13 | E7: p__Thermoproteota | F7: c__Nitrososphaeria | G7: o__Nitrososphaerales | H7: f__Nitrosopumilaceae | I7: g__Nitrosotenuis | K7: p__Nitrososphaerota | L7: c__Nitrososphaeria | M7: o__Nitrosopumilales | N7: f__ | O7: g__Nitrosotenuis | Q7: Terrestrial thermophile | R7: Group 1.1a | S7: Group 1.1a-Nitrosopumilus | T7: sequenced | W7: RR_culture_006 | X7: 50 | AF7: Culture-temperature | AG7: IPL-GDGTs | AH7: IPL-GDGT (reported); HPH | AJ7: NP-HPLC-ESI-Ion Trap-MS | AK7: =SUM(Table1[[#This Row],[reported_1302]:[reported_1286_iso]]) -> 21.9 | AL7: 0.6 | AM7: 1 | AN7: 0.8 | AO7: 0.4 | AP7: 19 | AQ7: 0 | AR7: 0.1 | BA7: =AL7/SUM($AL7:$AQ7) -> 0.027522936 | BB7: =AM7/SUM($AL7:$AQ7) -> 0.04587156 | BC7: =AN7/SUM($AL7:$AQ7) -> 0.036697248 | BD7: =AO7/SUM($AL7:$AQ7) -> 0.018348624 | BE7: =AP7/SUM($AL7:$AQ7) -> 0.87155963 | BF7: =AQ7/SUM($AL7:$AQ7) -> 0 | BG7: =#N/A -> #N/A | BH7: Culture | BI7: Culture - ThAOA | BJ7: Bale et al. (2019) AEM | BK7: Data from original source | BL7: Data from original source; average abundance from 4 replicates | BM7: No | BN7: No | BO7: Not reported; Assumed no brGDGTs (cultures) | BP7: No | BQ7: No | BR7: Pass | BS7: Fail | BT7: Bale et al. (2019) | BU7: Nicole | BV7: https://doi.org/10.1128/AEM.01332-19 | BW7: GTDB Release 214.1; NCBI (retrieved from February 21, 2024)
A8: Bale2019_007_Cultures_ThAOA_Ca_Nitrosotenuis uzonesis_P-GDGT_MH_37 | B8: N4 | C8: Ca. Nitrosotenuis uzonensis N4 | D8: =INDEX(Strain_IDs!C:C,MATCH(Table1[[#This Row],[Strains]],Strain_IDs!D:D,0)) -> 13 | E8: p__Thermoproteota | F8: c__Nitrososphaeria | G8: o__Nitrososphaerales | H8: f__Nitrosopumilaceae | I8: g__Nitrosotenuis | K8: p__Nitrososphaerota | L8: c__Nitrososphaeria | M8: o__Nitrosopumilales | N8: f__ | O8: g__Nitrosotenuis | Q8: Terrestrial thermophile | R8: Group 1.1a | S8: Group 1.1a-Nitrosopumilus | T8: sequenced | W8: RR_culture_007 | X8: 37 | AF8: Culture-temperature | AG8: IPL-GDGTs | AH8: IPL-GDGT (reported); 1G (Hexose) | AJ8: NP-HPLC-ESI-Ion Trap-MS | AK8: =SUM(Table1[[#This Row],[reported_1302]:[reported_1286_iso]]) -> 4.3 | AL8: 0.5 | AM8: 0.6 | AN8: 0.5 | AO8: 0.6 | AP8: 1.6 | AQ8: 0 | AR8: 0.5 | BA8: =AL8/SUM($AL8:$AQ8) -> 0.13157895 | BB8: =AM8/SUM($AL8:$AQ8) -> 0.15789474 | BC8: =AN8/SUM($AL8:$AQ8) -> 0.13157895 | BD8: =AO8/SUM($AL8:$AQ8) -> 0.15789474 | BE8: =AP8/SUM($AL8:$AQ8) -> 0.42105263 | BF8: =AQ8/SUM($AL8:$AQ8) -> 0 | BG8: =#N/A -> #N/A | BH8: Culture | BI8: Culture - ThAOA | BJ8: Bale et al. (2019) AEM | BK8: Data from original source | BL8: Data from original source; average abundance from 4 replicates | BM8: No | BN8: No | BO8: Not reported; Assumed no brGDGTs (cultures) | BP8: No | BQ8: Yes | BR8: Fail | BS8: Fail | BT8: Bale et al. (2019) | BU8: Nicole | BV8: https://doi.org/10.1128/AEM.01332-19 | BW8: GTDB Release 214.1; NCBI (retrieved from February 21, 2024)
A9: Bale2019_008_Cultures_ThAOA_Ca_Nitrosotenuis uzonesis_P-GDGT_MH_46 | B9: N4 | C9: Ca. Nitrosotenuis uzonensis N4 | D9: =INDEX(Strain_IDs!C:C,MATCH(Table1[[#This Row],[Strains]],Strain_IDs!D:D,0)) -> 13 | E9: p__Thermoproteota | F9: c__Nitrososphaeria | G9: o__Nitrososphaerales | H9: f__Nitrosopumilaceae | I9: g__Nitrosotenuis | K9: p__Nitrososphaerota | L9: c__Nitrososphaeria | M9: o__Nitrosopumilales | N9: f__ | O9: g__Nitrosotenuis | Q9: Terrestrial thermophile | R9: Group 1.1a | S9: Group 1.1a-Nitrosopumilus | T9: sequenced | W9: RR_culture_008 | X9: 46 | AF9: Culture-temperature | AG9: IPL-GDGTs | AH9: IPL-GDGT (reported); 1G (Hexose) | AJ9: NP-HPLC-ESI-Ion Trap-MS | AK9: =SUM(Table1[[#This Row],[reported_1302]:[reported_1286_iso]]) -> 5.4 | AL9: 0.2 | AM9: 0.7 | AN9: 0.7 | AO9: 0.9 | AP9: 2.1 | AQ9: 0 | AR9: 0.8 | BA9: =AL9/SUM($AL9:$AQ9) -> 0.043478261 | BB9: =AM9/SUM($AL9:$AQ9) -> 0.15217391 | BC9: =AN9/SUM($AL9:$AQ9) -> 0.15217391 | BD9: =AO9/SUM($AL9:$AQ9) -> 0.19565217 | BE9: =AP9/SUM($AL9:$AQ9) -> 0.45652174 | BF9: =AQ9/SUM($AL9:$AQ9) -> 0 | BG9: =#N/A -> #N/A | BH9: Culture | BI9: Culture - ThAOA | BJ9: Bale et al. (2019) AEM | BK9: Data from original source | BL9: Data from original source; average abundance from 4 replicates | BM9: No | BN9: No | BO9: Not reported; Assumed no brGDGTs (cultures) | BP9: No | BQ9: Yes | BR9: Fail | BS9: Fail | BT9: Bale et al. (2019) | BU9: Nicole | BV9: https://doi.org/10.1128/AEM.01332-19 | BW9: GTDB Release 214.1; NCBI (retrieved from February 21, 2024)
A10: Bale2019_009_Cultures_ThAOA_Ca_Nitrosotenuis uzonesis_P-GDGT_MH_50 | B10: N4 | C10: Ca. Nitrosotenuis uzonensis N4 | D10: =INDEX(Strain_IDs!C:C,MATCH(Table1[[#This Row],[Strains]],Strain_IDs!D:D,0)) -> 13 | E10: p__Thermoproteota | F10: c__Nitrososphaeria | G10: o__Nitrososphaerales | H10: f__Nitrosopumilaceae | I10: g__Nitrosotenuis | K10: p__Nitrososphaerota | L10: c__Nitrososphaeria | M10: o__Nitrosopumilales | N10: f__ | O10: g__Nitrosotenuis | Q10: Terrestrial thermophile | R10: Group 1.1a | S10: Group 1.1a-Nitrosopumilus | T10: sequenced | W10: RR_culture_009 | X10: 50 | AF10: Culture-temperature | AG10: IPL-GDGTs | AH10: IPL-GDGT (reported); 1G (Hexose) | AJ10: NP-HPLC-ESI-Ion Trap-MS | AK10: =SUM(Table1[[#This Row],[reported_1302]:[reported_1286_iso]]) -> 10.2 | AL10: 0.5 | AM10: 0.9 | AN10: 1 | AO10: 0.8 | AP10: 5.7 | AQ10: 0 | AR10: 1.3 | BA10: =AL10/SUM($AL10:$AQ10) -> 0.056179775 | BB10: =AM10/SUM($AL10:$AQ10) -> 0.1011236 | BC10: =AN10/SUM($AL10:$AQ10) -> 0.11235955 | BD10: =AO10/SUM($AL10:$AQ10) -> 0.08988764 | BE10: =AP10/SUM($AL10:$AQ10) -> 0.64044944 | BF10: =AQ10/SUM($AL10:$AQ10) -> 0 | BG10: =#N/A -> #N/A | BH10: Culture | BI10: Culture - ThAOA | BJ10: Bale et al. (2019) AEM | BK10: Data from original source | BL10: Data from original source; average abundance from 4 replicates | BM10: No | BN10: No | BO10: Not reported; Assumed no brGDGTs (cultures) | BP10: No | BQ10: No | BR10: Pass | BS10: Fail | BT10: Bale et al. (2019) | BU10: Nicole | BV10: https://doi.org/10.1128/AEM.01332-19 | BW10: GTDB Release 214.1; NCBI (retrieved from February 21, 2024)
A11: Bale2019_010_Cultures_ThAOA_Ca_Nitrosotenuis uzonesis_P-GDGT_TH1_37 | B11: N4 | C11: Ca. Nitrosotenuis uzonensis N4 | D11: =INDEX(Strain_IDs!C:C,MATCH(Table1[[#This Row],[Strains]],Strain_IDs!D:D,0)) -> 13 | E11: p__Thermoproteota | F11: c__Nitrososphaeria | G11: o__Nitrososphaerales | H11: f__Nitrosopumilaceae | I11: g__Nitrosotenuis | K11: p__Nitrososphaerota | L11: c__Nitrososphaeria | M11: o__Nitrosopumilales | N11: f__ | O11: g__Nitrosotenuis | Q11: Terrestrial thermophile | R11: Group 1.1a | S11: Group 1.1a-Nitrosopumilus | T11: sequenced | W11: RR_culture_010 | X11: 37 | AF11: Culture-temperature | AG11: IPL-GDGTs | AH11: IPL-GDGT (reported); TH1 | AJ11: NP-HPLC-ESI-Ion Trap-MS | AK11: =SUM(Table1[[#This Row],[reported_1302]:[reported_1286_iso]]) -> 22.3 | AL11: 0 | AM11: 0.8 | AN11: 3.4 | AO11: 7.1 | AP11: 1.1 | AQ11: 0 | AR11: 9.9 | BA11: =AL11/SUM($AL11:$AQ11) -> 0 | BB11: =AM11/SUM($AL11:$AQ11) -> 0.064516129 | BC11: =AN11/SUM($AL11:$AQ11) -> 0.27419355 | BD11: =AO11/SUM($AL11:$AQ11) -> 0.57258065 | BE11: =AP11/SUM($AL11:$AQ11) -> 0.088709677 | BF11: =AQ11/SUM($AL11:$AQ11) -> 0 | BG11: =#N/A -> #N/A | BH11: Culture | BI11: Culture - ThAOA | BJ11: Bale et al. (2019) AEM | BK11: Data from original source | BL11: Data from original source; average abundance from 4 replicates | BM11: No | BN11: No | BO11: Not reported; Assumed no brGDGTs (cultures) | BP11: No | BQ11: Yes | BR11: Fail | BS11: Fail | BT11: Bale et al. (2019) | BU11: Nicole | BV11: https://doi.org/10.1128/AEM.01332-19 | BW11: GTDB Release 214.1; NCBI (retrieved from February 21, 2024)
A12: Bale2019_011_Cultures_ThAOA_Ca_Nitrosotenuis uzonesis_P-GDGT_TH1_46 | B12: N4 | C12: Ca. Nitrosotenuis uzonensis N4 | D12: =INDEX(Strain_IDs!C:C,MATCH(Table1[[#This Row],[Strains]],Strain_IDs!D:D,0)) -> 13 | E12: p__Thermoproteota | F12: c__Nitrososphaeria | G12: o__Nitrososphaerales | H12: f__Nitrosopumilaceae | I12: g__Nitrosotenuis | K12: p__Nitrososphaerota | L12: c__Nitrososphaeria | M12: o__Nitrosopumilales | N12: f__ | O12: g__Nitrosotenuis | Q12: Terrestrial thermophile | R12: Group 1.1a | S12: Group 1.1a-Nitrosopumilus | T12: sequenced | W12: RR_culture_011 | X12: 46 | AF12: Culture-temperature | AG12: IPL-GDGTs | AH12: IPL-GDGT (reported); TH1 | AJ12: NP-HPLC-ESI-Ion Trap-MS | AK12: =SUM(Table1[[#This Row],[reported_1302]:[reported_1286_iso]]) -> 22.6 | AL12: 0 | AM12: 0.1 | AN12: 2.6 | AO12: 6.1 | AP12: 2.8 | AQ12: 0 | AR12: 11 | BA12: =AL12/SUM($AL12:$AQ12) -> 0 | BB12: =AM12/SUM($AL12:$AQ12) -> 0.0086206897 | BC12: =AN12/SUM($AL12:$AQ12) -> 0.22413793 | BD12: =AO12/SUM($AL12:$AQ12) -> 0.52586207 | BE12: =AP12/SUM($AL12:$AQ12) -> 0.24137931 | BF12: =AQ12/SUM($AL12:$AQ12) -> 0 | BG12: =#N/A -> #N/A | BH12: Culture | BI12: Culture - ThAOA | BJ12: Bale et al. (2019) AEM | BK12: Data from original source | BL12: Data from original source; average abundance from 4 replicates | BM12: No | BN12: No | BO12: Not reported; Assumed no brGDGTs (cultures) | BP12: No | BQ12: Yes | BR12: Fail | BS12: Fail | BT12: Bale et al. (2019) | BU12: Nicole | BV12: https://doi.org/10.1128/AEM.01332-19 | BW12: GTDB Release 214.1; NCBI (retrieved from February 21, 2024)
A13: Bale2019_012_Cultures_ThAOA_Ca_Nitrosotenuis uzonesis_P-GDGT_TH1_50 | B13: N4 | C13: Ca. Nitrosotenuis uzonensis N4 | D13: =INDEX(Strain_IDs!C:C,MATCH(Table1[[#This Row],[Strains]],Strain_IDs!D:D,0)) -> 13 | E13: p__Thermoproteota | F13: c__Nitrososphaeria | G13: o__Nitrososphaerales | H13: f__Nitrosopumilaceae | I13: g__Nitrosotenuis | K13: p__Nitrososphaerota | L13: c__Nitrososphaeria | M13: o__Nitrosopumilales | N13: f__ | O13: g__Nitrosotenuis | Q13: Terrestrial thermophile | R13: Group 1.1a | S13: Group 1.1a-Nitrosopumilus | T13: sequenced | W13: RR_culture_012 | X13: 50 | AF13: Culture-temperature | AG13: IPL-GDGTs | AH13: IPL-GDGT (reported); TH1 | AJ13: NP-HPLC-ESI-Ion Trap-MS | AK13: =SUM(Table1[[#This Row],[reported_1302]:[reported_1286_iso]]) -> 23.9 | AL13: 0 | AM13: 0 | AN13: 1.8 | AO13: 5.2 | AP13: 4.9 | AQ13: 0 | AR13: 12 | BA13: =AL13/SUM($AL13:$AQ13) -> 0 | BB13: =AM13/SUM($AL13:$AQ13) -> 0 | BC13: =AN13/SUM($AL13:$AQ13) -> 0.1512605 | BD13: =AO13/SUM($AL13:$AQ13) -> 0.43697479 | BE13: =AP13/SUM($AL13:$AQ13) -> 0.41176471 | BF13: =AQ13/SUM($AL13:$AQ13) -> 0 | BG13: =#N/A -> #N/A | BH13: Culture | BI13: Culture - ThAOA | BJ13: Bale et al. (2019) AEM | BK13: Data from original source | BL13: Data from original source; average abundance from 4 replicates | BM13: No | BN13: No | BO13: Not reported; Assumed no brGDGTs (cultures) | BP13: No | BQ13: Yes | BR13: Fail | BS13: Fail | BT13: Bale et al. (2019) | BU13: Nicole | BV13: https://doi.org/10.1128/AEM.01332-19 | BW13: GTDB Release 214.1; NCBI (retrieved from February 21, 2024)
... A19: Bale2019_018_Cultures_ThAOA_Ca_Nitrosotenuis uzonesis_P-GDGT_HPH_50 | B19: N4 | C19: Ca. Nitrosotenuis uzonensis N4 | D19: =INDEX(Strain_IDs!C:C,MATCH(Table1[[#This Row],[Strains]],Strain_IDs!D:D,0)) -> 13 | E19: p__Thermoproteota | F19: c__Nitrososphaeria | G19: o__Nitrososphaerales | H19: f__Nitrosopumilaceae | I19: g__Nitrosotenuis | K19: p__Nitrososphaerota | L19: c__Nitrososphaeria | M19: o__Nitrosopumilales | N19: f__ | O19: g__Nitrosotenuis | Q19: Terrestrial thermophile | R19: Group 1.1a | S19: Group 1.1a-Nitrosopumilus | T19: sequenced | W19: RR_culture_018 | X19: 50 | AF19: Culture-temperature | AG19: IPL-GDGTs | AH19: Total IPLs (calculated) | AJ19: NP-HPLC-ESI-Ion Trap-MS | AK19: =SUM(Table1[[#This Row],[reported_1302]:[reported_1286_iso]]) -> 68.8 | AL19: 1.1 | AM19: 2 | AN19: 6.4 | AO19: 12.1 | AP19: 47.1 | AQ19: 0 | AR19: 0.1 | BA19: =AL19/SUM($AL19:$AQ19) -> 0.016011645 | BB19: =AM19/SUM($AL19:$AQ19) -> 0.029112082 | BC19: =AN19/SUM($AL19:$AQ19) -> 0.093158661 | BD19: =AO19/SUM($AL19:$AQ19) -> 0.17612809 | BE19: =AP19/SUM($AL19:$AQ19) -> 0.68558952 | BF19: =AQ19/SUM($AL19:$AQ19) -> 0 | BG19: =#N/A -> #N/A | BH19: Culture | BI19: Culture - ThAOA | BJ19: Bale et al. (2019) AEM | BK19: Data from original source | BL19: Data from original source; calculated from IPL fractions - assume ND as 0 | BM19: No | BN19: No | BO19: Not reported; Assumed no brGDGTs (cultures) | BP19: No | BQ19: No | BR19: Pass | BS19: Fail | BT19: Bale et al. (2019) | BU19: Nicole | BV19: https://doi.org/10.1128/AEM.01332-19 | BW19: GTDB Release 214.1; NCBI (retrieved from February 21, 2024)
A20: Bale2019_019_Cultures_ThAOA_Ca_Nitrosotenuis uzonesis_C-GDGT_37 | B20: N4 | C20: Ca. Nitrosotenuis uzonensis N4 | D20: =INDEX(Strain_IDs!C:C,MATCH(Table1[[#This Row],[Strains]],Strain_IDs!D:D,0)) -> 13 | E20: p__Thermoproteota | F20: c__Nitrososphaeria | G20: o__Nitrososphaerales | H20: f__Nitrosopumilaceae | I20: g__Nitrosotenuis | K20: p__Nitrososphaerota | L20: c__Nitrososphaeria | M20: o__Nitrosopumilales | N20: f__ | O20: g__Nitrosotenuis | Q20: Terrestrial thermophile | R20: Group 1.1a | S20: Group 1.1a-Nitrosopumilus | T20: sequenced | W20: RR_culture_019 | X20: 37 | AF20: Culture-temperature | AG20: Total GDGTs | AH20: Total GDGTs (Hydrolyzed B-D extracts; CLs + cleaved IPLs) | AJ20: NP-HPLC-APCI-Single Quad-MS | AK20: =SUM(Table1[[#This Row],[reported_1302]:[reported_1286_iso]]) -> 89.7 | AL20: 5.3 | AM20: 11 | AN20: 3.4 | AO20: 7.1 | AP20: 25 | AQ20: 4.6 | AR20: 28 | AW20: 5.3 | BA20: =AL20/SUM($AL20:$AQ20) -> 0.093971631 | BB20: =AM20/SUM($AL20:$AQ20) -> 0.19503546 | BC20: =AN20/SUM($AL20:$AQ20) -> 0.060283688 | BD20: =AO20/SUM($AL20:$AQ20) -> 0.12588652 | BE20: =AP20/SUM($AL20:$AQ20) -> 0.44326241 | BF20: =AQ20/SUM($AL20:$AQ20) -> 0.081560284 | BG20: =#N/A -> #N/A | BH20: Culture | BI20: Culture - ThAOA | BJ20: Bale et al. (2019) AEM | BK20: Data from original source | BL20: Data from original source; average abundance from 4 replicates | BM20: No | BN20: No | BO20: Not reported; Assumed no brGDGTs (cultures) | BP20: No | BQ20: No | BR20: Pass | BS20: Pass | BT20: Bale et al. (2019) | BU20: Nicole | BV20: https://doi.org/10.1128/AEM.01332-19 | BW20: GTDB Release 214.1; NCBI (retrieved from February 21, 2024)
A21: Bale2019_020_Cultures_ThAOA_Ca_Nitrosotenuis uzonesis_C-GDGT_46 | B21: N4 | C21: Ca. Nitrosotenuis uzonensis N4 | D21: =INDEX(Strain_IDs!C:C,MATCH(Table1[[#This Row],[Strains]],Strain_IDs!D:D,0)) -> 13 | E21: p__Thermoproteota | F21: c__Nitrososphaeria | G21: o__Nitrososphaerales | H21: f__Nitrosopumilaceae | I21: g__Nitrosotenuis | K21: p__Nitrososphaerota | L21: c__Nitrososphaeria | M21: o__Nitrosopumilales | N21: f__ | O21: g__Nitrosotenuis | Q21: Terrestrial thermophile | R21: Group 1.1a | S21: Group 1.1a-Nitrosopumilus | T21: sequenced | W21: RR_culture_020 | X21: 46 | AF21: Culture-temperature | AG21: Total GDGTs | AH21: Total GDGTs (Hydrolyzed B-D extracts; CLs + cleaved IPLs) | AJ21: NP-HPLC-APCI-Single Quad-MS | AK21: =SUM(Table1[[#This Row],[reported_1302]:[reported_1286_iso]]) -> 93.8 | AL21: 0.4 | AM21: 3.9 | AN21: 1.4 | AO21: 2.9 | AP21: 51 | AQ21: 12 | AR21: 16 | AW21: 6.2 | BA21: =AL21/SUM($AL21:$AQ21) -> 0.0055865922 | BB21: =AM21/SUM($AL21:$AQ21) -> 0.054469274 | BC21: =AN21/SUM($AL21:$AQ21) -> 0.019553073 | BD21: =AO21/SUM($AL21:$AQ21) -> 0.040502793 | BE21: =AP21/SUM($AL21:$AQ21) -> 0.7122905 | BF21: =AQ21/SUM($AL21:$AQ21) -> 0.16759777 | BG21: =#N/A -> #N/A | BH21: Culture | BI21: Culture - ThAOA | BJ21: Bale et al. (2019) AEM | BK21: Data from original source | BL21: Data from original source; average abundance from 4 replicates | BM21: No | BN21: No | BO21: Not reported; Assumed no brGDGTs (cultures) | BP21: No | BQ21: No | BR21: Pass | BS21: Pass | BT21: Bale et al. (2019) | BU21: Nicole | BV21: https://doi.org/10.1128/AEM.01332-19 | BW21: GTDB Release 214.1; NCBI (retrieved from February 21, 2024)
A22: Bale2019_021_Cultures_ThAOA_Ca_Nitrosotenuis uzonesis_C-GDGT_50 | B22: N4 | C22: Ca. Nitrosotenuis uzonensis N4 | D22: =INDEX(Strain_IDs!C:C,MATCH(Table1[[#This Row],[Strains]],Strain_IDs!D:D,0)) -> 13 | E22: p__Thermoproteota | F22: c__Nitrososphaeria | G22: o__Nitrososphaerales | H22: f__Nitrosopumilaceae | I22: g__Nitrosotenuis | K22: p__Nitrososphaerota | L22: c__Nitrososphaeria | M22: o__Nitrosopumilales | N22: f__ | O22: g__Nitrosotenuis | Q22: Terrestrial thermophile | R22: Group 1.1a | S22: Group 1.1a-Nitrosopumilus | T22: sequenced | W22: RR_culture_021 | X22: 50 | AF22: Culture-temperature | AG22: Total GDGTs | AH22: Total GDGTs (Hydrolyzed B-D extracts; CLs + cleaved IPLs) | AJ22: NP-HPLC-APCI-Single Quad-MS | AK22: =SUM(Table1[[#This Row],[reported_1302]:[reported_1286_iso]]) -> 94.9 | AL22: 0.5 | AM22: 4.8 | AN22: 1.5 | AO22: 2.3 | AP22: 59 | AQ22: 11 | AR22: 11 | AW22: 4.8 | BA22: =AL22/SUM($AL22:$AQ22) -> 0.0063211125 | BB22: =AM22/SUM($AL22:$AQ22) -> 0.06068268 | BC22: =AN22/SUM($AL22:$AQ22) -> 0.018963338 | BD22: =AO22/SUM($AL22:$AQ22) -> 0.029077118 | BE22: =AP22/SUM($AL22:$AQ22) -> 0.74589128 | BF22: =AQ22/SUM($AL22:$AQ22) -> 0.13906448 | BG22: =#N/A -> #N/A | BH22: Culture | BI22: Culture - ThAOA | BJ22: Bale et al. (2019) AEM | BK22: Data from original source | BL22: Data from original source; average abundance from 4 replicates | BM22: No | BN22: No | BO22: Not reported; Assumed no brGDGTs (cultures) | BP22: No | BQ22: No | BR22: Pass | BS22: Pass | BT22: Bale et al. (2019) | BU22: Nicole | BV22: https://doi.org/10.1128/AEM.01332-19 | BW22: GTDB Release 214.1; NCBI (retrieved from February 21, 2024)
A23: Elling2015_Culture_NA0A2_18 | B23: NAOA2 | C23: Ca. Nitrosopumilus sp. NAOA2 | D23: =INDEX(Strain_IDs!C:C,MATCH(Table1[[#This Row],[Strains]],Strain_IDs!D:D,0)) -> 5.2 | E23: p__Thermoproteota | F23: c__Nitrososphaeria | G23: o__Nitrososphaerales | H23: f__Nitrosopumilaceae | I23: g__Nitrosopumilus | K23: p__Nitrososphaerota | L23: c__Nitrososphaeria | M23: o__Nitrosopumilales | N23: f__Nitrosopumilaceae | O23: g__Nitrosopumilus | Q23: Marine mesophile | R23: Group 1.1a | S23: Group 1.1a-Nitrosopumilus | T23: not_sequenced | U23: South Atlantic surface water | V23: South Atlantic; Benguela upwelling system | W23: RR_culture_022 | X23: 18 | Z23: 7.5 | AF23: Culture-temperature | AG23: Total GDGTs | AH23: Total GDGTs; Acid hydrolyzed TLEs (CLs + cleaved IPLs) | AJ23: NP-UHPLC-APCI-qTOF-MS/MS | AK23: =SUM(Table1[[#This Row],[reported_1302]:[reported_1286_iso]]) -> 99.9 | AL23: 10 | AM23: 8.4 | AN23: 14.2 | AO23: 35.3 | AP23: 13.3 | AQ23: 1.3 | AR23: 17.4 | BA23: =AL23/SUM($AL23:$AQ23) -> 0.12121212 | BB23: =AM23/SUM($AL23:$AQ23) -> 0.10181818 | BC23: =AN23/SUM($AL23:$AQ23) -> 0.17212121 | BD23: =AO23/SUM($AL23:$AQ23) -> 0.42787879 | BE23: =AP23/SUM($AL23:$AQ23) -> 0.16121212 | BF23: =AQ23/SUM($AL23:$AQ23) -> 0.015757576 | BG23: =#N/A -> #N/A | BH23: Culture | BI23: Culture - AOA | BJ23: Elling et al. (2015) GCA | BK23: Data from original source | BL23: Data from original source | BM23: No | BN23: No | BO23: Not reported; Assumed no brGDGTs (Cultures) | BP23: No | BQ23: Yes | BR23: Fail | BS23: Pass | BT23: Elling et al. (2015) | BU23: Felix | BV23: https://doi.org/10.1016/j.gca.2015.09.004 | BW23: GTDB Release 214.1; NCBI (retrieved from February 21, 2024)
A24: Elling2015_Culture_NA0A2_22 | B24: NAOA2 | C24: Ca. Nitrosopumilus sp. NAOA2 | D24: =INDEX(Strain_IDs!C:C,MATCH(Table1[[#This Row],[Strains]],Strain_IDs!D:D,0)) -> 5.2 | E24: p__Thermoproteota | F24: c__Nitrososphaeria | G24: o__Nitrososphaerales | H24: f__Nitrosopumilaceae | I24: g__Nitrosopumilus | K24: p__Nitrososphaerota | L24: c__Nitrososphaeria | M24: o__Nitrosopumilales | N24: f__Nitrosopumilaceae | O24: g__Nitrosopumilus | Q24: Marine mesophile | R24: Group 1.1a | S24: Group 1.1a-Nitrosopumilus | T24: not_sequenced | U24: South Atlantic surface water | V24: South Atlantic; Benguela upwelling system | W24: RR_culture_023 | X24: 22 | Z24: 7.5 | AF24: Culture-temperature | AG24: Total GDGTs | AH24: Total GDGTs; Acid hydrolyzed TLEs (CLs + cleaved IPLs) | AJ24: NP-UHPLC-APCI-qTOF-MS/MS | AK24: =SUM(Table1[[#This Row],[reported_1302]:[reported_1286_iso]]) -> 100.1 | AL24: 14.4 | AM24: 9.6 | AN24: 23.3 | AO24: 21.4 | AP24: 17.5 | AQ24: 1.3 | AR24: 12.6 | BA24: =AL24/SUM($AL24:$AQ24) -> 0.16457143 | BB24: =AM24/SUM($AL24:$AQ24) -> 0.10971429 | BC24: =AN24/SUM($AL24:$AQ24) -> 0.26628571 | BD24: =AO24/SUM($AL24:$AQ24) -> 0.24457143 | BE24: =AP24/SUM($AL24:$AQ24) -> 0.2 | BF24: =AQ24/SUM($AL24:$AQ24) -> 0.014857143 | BG24: =#N/A -> #N/A | BH24: Culture | BI24: Culture - AOA | BJ24: Elling et al. (2015) GCA | BK24: Data from original source | BL24: Data from original source | BM24: No | BN24: No | BO24: Not reported; Assumed no brGDGTs (Cultures) | BP24: No | BQ24: Yes | BR24: Fail | BS24: Pass | BT24: Elling et al. (2015) | BU24: Felix | BV24: https://doi.org/10.1016/j.gca.2015.09.004 | BW24: GTDB Release 214.1; NCBI (retrieved from February 21, 2024)
A25: Elling2015_Culture_NA0A2_28 | B25: NAOA2 | C25: Ca. Nitrosopumilus sp. NAOA2 | D25: =INDEX(Strain_IDs!C:C,MATCH(Table1[[#This Row],[Strains]],Strain_IDs!D:D,0)) -> 5.2 | E25: p__Thermoproteota | F25: c__Nitrososphaeria | G25: o__Nitrososphaerales | H25: f__Nitrosopumilaceae | I25: g__Nitrosopumilus | K25: p__Nitrososphaerota | L25: c__Nitrososphaeria | M25: o__Nitrosopumilales | N25: f__Nitrosopumilaceae | O25: g__Nitrosopumilus | Q25: Marine mesophile | R25: Group 1.1a | S25: Group 1.1a-Nitrosopumilus | T25: not_sequenced | U25: South Atlantic surface water | V25: South Atlantic; Benguela upwelling system | W25: RR_culture_024 | X25: 28 | Z25: 7.5 | AF25: Culture-temperature | AG25: Total GDGTs | AH25: Total GDGTs; Acid hydrolyzed TLEs (CLs + cleaved IPLs) | AJ25: NP-UHPLC-APCI-qTOF-MS/MS | AK25: =SUM(Table1[[#This Row],[reported_1302]:[reported_1286_iso]]) -> 100 | AL25: 10.5 | AM25: 7.1 | AN25: 23.1 | AO25: 21.7 | AP25: 23.9 | AQ25: 2.2 | AR25: 11.5 | BA25: =AL25/SUM($AL25:$AQ25) -> 0.11864407 | BB25: =AM25/SUM($AL25:$AQ25) -> 0.080225989 | BC25: =AN25/SUM($AL25:$AQ25) -> 0.26101695 | BD25: =AO25/SUM($AL25:$AQ25) -> 0.24519774 | BE25: =AP25/SUM($AL25:$AQ25) -> 0.2700565 | BF25: =AQ25/SUM($AL25:$AQ25) -> 0.024858757 | BG25: =#N/A -> #N/A | BH25: Culture | BI25: Culture - AOA | BJ25: Elling et al. (2015) GCA | BK25: Data from original source | BL25: Data from original source | BM25: No | BN25: No | BO25: Not reported; Assumed no brGDGTs (Cultures) | BP25: No | BQ25: Yes | BR25: Fail | BS25: Pass | BT25: Elling et al. (2015) | BU25: Felix | BV25: https://doi.org/10.1016/j.gca.2015.09.004 | BW25: GTDB Release 214.1; NCBI (retrieved from February 21, 2024)
A26: Elling2015_Culture_NA0A2_35 | B26: NAOA2 | C26: Ca. Nitrosopumilus sp. NAOA2 | D26: =INDEX(Strain_IDs!C:C,MATCH(Table1[[#This Row],[Strains]],Strain_IDs!D:D,0)) -> 5.2 | E26: p__Thermoproteota | F26: c__Nitrososphaeria | G26: o__Nitrososphaerales | H26: f__Nitrosopumilaceae | I26: g__Nitrosopumilus | K26: p__Nitrososphaerota | L26: c__Nitrososphaeria | M26: o__Nitrosopumilales | N26: f__Nitrosopumilaceae | O26: g__Nitrosopumilus | Q26: Marine mesophile | R26: Group 1.1a | S26: Group 1.1a-Nitrosopumilus | T26: not_sequenced | U26: South Atlantic surface water | V26: South Atlantic; Benguela upwelling system | W26: RR_culture_025 | X26: 35 | Z26: 7.5 | AF26: Culture-temperature | AG26: Total GDGTs | AH26: Total GDGTs; Acid hydrolyzed TLEs (CLs + cleaved IPLs) | AJ26: NP-UHPLC-APCI-qTOF-MS/MS | AK26: =SUM(Table1[[#This Row],[reported_1302]:[reported_1286_iso]]) -> 100.1 | AL26: 8.8 | AM26: 7 | AN26: 10.3 | AO26: 14.5 | AP26: 38.7 | AQ26: 4.9 | AR26: 15.9 | BA26: =AL26/SUM($AL26:$AQ26) -> 0.10451306 | BB26: =AM26/SUM($AL26:$AQ26) -> 0.083135392 | BC26: =AN26/SUM($AL26:$AQ26) -> 0.12232779 | BD26: =AO26/SUM($AL26:$AQ26) -> 0.17220903 | BE26: =AP26/SUM($AL26:$AQ26) -> 0.45961995 | BF26: =AQ26/SUM($AL26:$AQ26) -> 0.058194774 | BG26: =#N/A -> #N/A | BH26: Culture | BI26: Culture - AOA | BJ26: Elling et al. (2015) GCA | BK26: Data from original source | BL26: Data from original source | BM26: No | BN26: No | BO26: Not reported; Assumed no brGDGTs (Cultures) | BP26: No | BQ26: No | BR26: Pass | BS26: Pass | BT26: Elling et al. (2015) | BU26: Felix | BV26: https://doi.org/10.1016/j.gca.2015.09.004 | BW26: GTDB Release 214.1; NCBI (retrieved from February 21, 2024)
A27: Elling2015_Culture_NA0A6_18 | B27: NAOA6 | C27: Ca. Nitrosopumilus sp. NAOA6 | D27: =INDEX(Strain_IDs!C:C,MATCH(Table1[[#This Row],[Strains]],Strain_IDs!D:D,0)) -> 7.1 | E27: p__Thermoproteota | F27: c__Nitrososphaeria | G27: o__Nitrososphaerales | H27: f__Nitrosopumilaceae | I27: g__Nitrosopumilus | K27: p__Nitrososphaerota | L27: c__Nitrososphaeria | M27: o__Nitrosopumilales | N27: f__Nitrosopumilaceae | O27: g__Nitrosopumilus | Q27: Marine mesophile | R27: Group 1.1a | S27: Group 1.1a-Nitrosopumilus | T27: not_sequenced | U27: South Atlantic surface water | V27: South Atlantic; Benguela upwelling system | W27: RR_culture_026 | X27: 18 | Z27: 7.5 | AF27: Culture-temperature | AG27: Total GDGTs | AH27: Total GDGTs; Acid hydrolyzed TLEs (CLs + cleaved IPLs) | AJ27: NP-UHPLC-APCI-qTOF-MS/MS | AK27: =SUM(Table1[[#This Row],[reported_1302]:[reported_1286_iso]]) -> 100 | AL27: 31.2 | AM27: 18.4 | AN27: 14.9 | AO27: 3.7 | AP27: 30.4 | AQ27: 0.2 | AR27: 1.2 | BA27: =AL27/SUM($AL27:$AQ27) -> 0.31578947 | BB27: =AM27/SUM($AL27:$AQ27) -> 0.18623482 | BC27: =AN27/SUM($AL27:$AQ27) -> 0.15080972 | BD27: =AO27/SUM($AL27:$AQ27) -> 0.037449393 | BE27: =AP27/SUM($AL27:$AQ27) -> 0.30769231 | BF27: =AQ27/SUM($AL27:$AQ27) -> 0.0020242915 | BG27: =#N/A -> #N/A | BH27: Culture | BI27: Culture - AOA | BJ27: Elling et al. (2015) GCA | BK27: Data from original source | BL27: Data from original source | BM27: No | BN27: No | BO27: Not reported; Assumed no brGDGTs (Cultures) | BP27: No | BQ27: Yes | BR27: Fail | BS27: Pass | BT27: Elling et al. (2015) | BU27: Felix | BV27: https://doi.org/10.1016/j.gca.2015.09.004 | BW27: GTDB Release 214.1; NCBI (retrieved from February 21, 2024)
A28: Elling2015_Culture_NA0A6_22 | B28: NAOA6 | C28: Ca. Nitrosopumilus sp. NAOA6 | D28: =INDEX(Strain_IDs!C:C,MATCH(Table1[[#This Row],[Strains]],Strain_IDs!D:D,0)) -> 7.1 | E28: p__Thermoproteota | F28: c__Nitrososphaeria | G28: o__Nitrososphaerales | H28: f__Nitrosopumilaceae | I28: g__Nitrosopumilus | K28: p__Nitrososphaerota | L28: c__Nitrososphaeria | M28: o__Nitrosopumilales | N28: f__Nitrosopumilaceae | O28: g__Nitrosopumilus | Q28: Marine mesophile | R28: Group 1.1a | S28: Group 1.1a-Nitrosopumilus | T28: not_sequenced | U28: South Atlantic surface water | V28: South Atlantic; Benguela upwelling system | W28: RR_culture_027 | X28: 22 | Z28: 7.5 | AF28: Culture-temperature | AG28: Total GDGTs | AH28: Total GDGTs; Acid hydrolyzed TLEs (CLs + cleaved IPLs) | AJ28: NP-UHPLC-APCI-qTOF-MS/MS | AK28: =SUM(Table1[[#This Row],[reported_1302]:[reported_1286_iso]]) -> 99.9 | AL28: 12.2 | AM28: 9.6 | AN28: 22.1 | AO28: 19.8 | AP28: 24.3 | AQ28: 1.6 | AR28: 10.3 | BA28: =AL28/SUM($AL28:$AQ28) -> 0.13616071 | BB28: =AM28/SUM($AL28:$AQ28) -> 0.10714286 | BC28: =AN28/SUM($AL28:$AQ28) -> 0.24665179 | BD28: =AO28/SUM($AL28:$AQ28) -> 0.22098214 | BE28: =AP28/SUM($AL28:$AQ28) -> 0.27120536 | BF28: =AQ28/SUM($AL28:$AQ28) -> 0.017857143 | BG28: =#N/A -> #N/A | BH28: Culture | BI28: Culture - AOA | BJ28: Elling et al. (2015) GCA | BK28: Data from original source | BL28: Data from original source | BM28: No | BN28: No | BO28: Not reported; Assumed no brGDGTs (Cultures) | BP28: No | BQ28: Yes | BR28: Fail | BS28: Pass | BT28: Elling et al. (2015) | BU28: Felix | BV28: https://doi.org/10.1016/j.gca.2015.09.004 | BW28: GTDB Release 214.1; NCBI (retrieved from February 21, 2024)
A29: Elling2015_Culture_NA0A6_28 | B29: NAOA6 | C29: Ca. Nitrosopumilus sp. NAOA6 | D29: =INDEX(Strain_IDs!C:C,MATCH(Table1[[#This Row],[Strains]],Strain_IDs!D:D,0)) -> 7.1 | E29: p__Thermoproteota | F29: c__Nitrososphaeria | G29: o__Nitrososphaerales | H29: f__Nitrosopumilaceae | I29: g__Nitrosopumilus | K29: p__Nitrososphaerota | L29: c__Nitrososphaeria | M29: o__Nitrosopumilales | N29: f__Nitrosopumilaceae | O29: g__Nitrosopumilus | Q29: Marine mesophile | R29: Group 1.1a | S29: Group 1.1a-Nitrosopumilus | T29: not_sequenced | U29: South Atlantic surface water | V29: South Atlantic; Benguela upwelling system | W29: RR_culture_028 | X29: 28 | Z29: 7.5 | AF29: Culture-temperature | AG29: Total GDGTs | AH29: Total GDGTs; Acid hydrolyzed TLEs (CLs + cleaved IPLs) | AJ29: NP-UHPLC-APCI-qTOF-MS/MS | AK29: =SUM(Table1[[#This Row],[reported_1302]:[reported_1286_iso]]) -> 99.9 | AL29: 7.5 | AM29: 5.9 | AN29: 27 | AO29: 11.3 | AP29: 40.9 | AQ29: 1.2 | AR29: 6.1 | BA29: =AL29/SUM($AL29:$AQ29) -> 0.079957356 | BB29: =AM29/SUM($AL29:$AQ29) -> 0.062899787 | BC29: =AN29/SUM($AL29:$AQ29) -> 0.28784648 | BD29: =AO29/SUM($AL29:$AQ29) -> 0.12046908 | BE29: =AP29/SUM($AL29:$AQ29) -> 0.43603412 | BF29: =AQ29/SUM($AL29:$AQ29) -> 0.012793177 | BG29: =#N/A -> #N/A | BH29: Culture | BI29: Culture - AOA | BJ29: Elling et al. (2015) GCA | BK29: Data from original source | BL29: Data from original source | BM29: No | BN29: No | BO29: Not reported; Assumed no brGDGTs (Cultures) | BP29: No | BQ29: Yes | BR29: Fail | BS29: Pass | BT29: Elling et al. (2015) | BU29: Felix | BV29: https://doi.org/10.1016/j.gca.2015.09.004 | BW29: GTDB Release 214.1; NCBI (retrieved from February 21, 2024)
A30: Elling2015_Culture_SCM1_22 | B30: SCM1 | C30: Nitrosopumilus maritimus SCM1 | D30: =INDEX(Strain_IDs!C:C,MATCH(Table1[[#This Row],[Strains]],Strain_IDs!D:D,0)) -> 7 | E30: p__Thermoproteota | F30: c__Nitrososphaeria | G30: o__Nitrososphaerales | H30: f__Nitrosopumilaceae | I30: g__Nitrosopumilus | J30: s__Nitrosopumilus maritimus | K30: p__Nitrososphaerota | L30: c__Nitrososphaeria | M30: o__Nitrosopumilales | N30: f__Nitrosopumilaceae | O30: g__Nitrosopumilus | P30: s__Nitrosopumilus maritimus | Q30: Marine mesophile | R30: Group 1.1a | S30: Group 1.1a-Nitrosopumilus | T30: sequenced | U30: a tropical marine fish tank at the Seattle Aquarium in Seattle | V30: Washington | W30: RR_culture_029 | X30: 22 | Z30: 7.5 | AF30: Culture-temperature | AG30: Total GDGTs | AH30: Total GDGTs; Acid hydrolyzed TLEs (CLs + cleaved IPLs) | AJ30: NP-UHPLC-APCI-qTOF-MS/MS | AK30: =SUM(Table1[[#This Row],[reported_1302]:[reported_1286_iso]]) -> 100.2 | AL30: 25.2 | AM30: 17.1 | AN30: 20.5 | AO30: 5.8 | AP30: 29 | AQ30: 0.4 | AR30: 2.2 | BA30: =AL30/SUM($AL30:$AQ30) -> 0.25714286 | BB30: =AM30/SUM($AL30:$AQ30) -> 0.1744898 | BC30: =AN30/SUM($AL30:$AQ30) -> 0.20918367 | BD30: =AO30/SUM($AL30:$AQ30) -> 0.059183673 | BE30: =AP30/SUM($AL30:$AQ30) -> 0.29591837 | BF30: =AQ30/SUM($AL30:$AQ30) -> 0.0040816327 | BG30: =#N/A -> #N/A | BH30: Culture | BI30: Culture - AOA | BJ30: Elling et al. (2015) GCA | BK30: Data from original source | BL30: Data from original source | BM30: No | BN30: No | BO30: Not reported; Assumed no brGDGTs (Cultures) | BP30: No | BQ30: Yes | BR30: Fail | BS30: Pass | BT30: Elling et al. (2015) | BU30: Felix | BV30: https://doi.org/10.1016/j.gca.2015.09.004 | BW30: GTDB Release 214.1; NCBI (retrieved from February 21, 2024)
A31: Elling2015_Culture_SCM1_25 | B31: SCM1 | C31: Nitrosopumilus maritimus SCM1 | D31: =INDEX(Strain_IDs!C:C,MATCH(Table1[[#This Row],[Strains]],Strain_IDs!D:D,0)) -> 7 | E31: p__Thermoproteota | F31: c__Nitrososphaeria | G31: o__Nitrososphaerales | H31: f__Nitrosopumilaceae | I31: g__Nitrosopumilus | J31: s__Nitrosopumilus maritimus | K31: p__Nitrososphaerota | L31: c__Nitrososphaeria | M31: o__Nitrosopumilales | N31: f__Nitrosopumilaceae | O31: g__Nitrosopumilus | P31: s__Nitrosopumilus maritimus | Q31: Marine mesophile | R31: Group 1.1a | S31: Group 1.1a-Nitrosopumilus | T31: sequenced | U31: a tropical marine fish tank at the Seattle Aquarium in Seattle | V31: Washington | W31: RR_culture_030 | X31: 25 | Z31: 7.5 | AF31: Culture-temperature | AG31: Total GDGTs | AH31: Total GDGTs; Acid hydrolyzed TLEs (CLs + cleaved IPLs) | AJ31: NP-UHPLC-APCI-qTOF-MS/MS | AK31: =SUM(Table1[[#This Row],[reported_1302]:[reported_1286_iso]]) -> 100.1 | AL31: 15.2 | AM31: 12.6 | AN31: 24.3 | AO31: 5.7 | AP31: 38.9 | AQ31: 0.6 | AR31: 2.8 | BA31: =AL31/SUM($AL31:$AQ31) -> 0.15621788 | BB31: =AM31/SUM($AL31:$AQ31) -> 0.1294964 | BC31: =AN31/SUM($AL31:$AQ31) -> 0.24974306 | BD31: =AO31/SUM($AL31:$AQ31) -> 0.058581706 | BE31: =AP31/SUM($AL31:$AQ31) -> 0.39979445 | BF31: =AQ31/SUM($AL31:$AQ31) -> 0.0061664954 | BG31: =#N/A -> #N/A | BH31: Culture | BI31: Culture - AOA | BJ31: Elling et al. (2015) GCA | BK31: Data from original source | BL31: Data from original source | BM31: No | BN31: No | BO31: Not reported; Assumed no brGDGTs (Cultures) | BP31: No | BQ31: Yes | BR31: Fail | BS31: Pass | BT31: Elling et al. (2015) | BU31: Felix | BV31: https://doi.org/10.1016/j.gca.2015.09.004 | BW31: GTDB Release 214.1; NCBI (retrieved from February 21, 2024)
A32: Elling2015_Culture_SCM1_28 | B32: SCM1 | C32: Nitrosopumilus maritimus SCM1 | D32: =INDEX(Strain_IDs!C:C,MATCH(Table1[[#This Row],[Strains]],Strain_IDs!D:D,0)) -> 7 | E32: p__Thermoproteota | F32: c__Nitrososphaeria | G32: o__Nitrososphaerales | H32: f__Nitrosopumilaceae | I32: g__Nitrosopumilus | J32: s__Nitrosopumilus maritimus | K32: p__Nitrososphaerota | L32: c__Nitrososphaeria | M32: o__Nitrosopumilales | N32: f__Nitrosopumilaceae | O32: g__Nitrosopumilus | P32: s__Nitrosopumilus maritimus | Q32: Marine mesophile | R32: Group 1.1a | S32: Group 1.1a-Nitrosopumilus | T32: sequenced | U32: a tropical marine fish tank at the Seattle Aquarium in Seattle | V32: Washington | W32: RR_culture_031 | X32: 28 | Z32: 7.5 | AF32: Culture-temperature | AG32: Total GDGTs | AH32: Total GDGTs; Acid hydrolyzed TLEs (CLs + cleaved IPLs) | AJ32: NP-UHPLC-APCI-qTOF-MS/MS | AK32: =SUM(Table1[[#This Row],[reported_1302]:[reported_1286_iso]]) -> 100.1 | AL32: 12.1 | AM32: 10 | AN32: 26.6 | AO32: 9.5 | AP32: 35.7 | AQ32: 0.9 | AR32: 5.3 | BA32: =AL32/SUM($AL32:$AQ32) -> 0.12763713 | BB32: =AM32/SUM($AL32:$AQ32) -> 0.10548523 | BC32: =AN32/SUM($AL32:$AQ32) -> 0.28059072 | BD32: =AO32/SUM($AL32:$AQ32) -> 0.10021097 | BE32: =AP32/SUM($AL32:$AQ32) -> 0.37658228 | BF32: =AQ32/SUM($AL32:$AQ32) -> 0.0094936709 | BG32: =#N/A -> #N/A | BH32: Culture | BI32: Culture - AOA | BJ32: Elling et al. (2015) GCA | BK32: Data from original source | BL32: Data from original source | BM32: No | BN32: No | BO32: Not reported; Assumed no brGDGTs (Cultures) | BP32: No | BQ32: Yes | BR32: Fail | BS32: Pass | BT32: Elling et al. (2015) | BU32: Felix | BV32: https://doi.org/10.1016/j.gca.2015.09.004 | BW32: GTDB Release 214.1; NCBI (retrieved from February 21, 2024)
A33: Elling2017_culture_marineAOA_1G_P-GDGT_Nitrosopumilus adriaticus NF5 | B33: NF5 | C33: Nitrosopumilus adriaticus NF5 | D33: =INDEX(Strain_IDs!C:C,MATCH(Table1[[#This Row],[Strains]],Strain_IDs!D:D,0)) -> 5 | E33: p__Thermoproteota | F33: c__Nitrososphaeria | G33: o__Nitrososphaerales | H33: f__Nitrosopumilaceae | I33: g__Nitrosopumilus | J33: s__Nitrosopumilus adriaticus | K33: p__Nitrososphaerota | L33: c__Nitrososphaeria | M33: o__Nitrosopumilales | N33: f__Nitrosopumilaceae | O33: g__Nitrosopumilus | P33: s__Nitrosopumilus adriaticus | Q33: Marine mesophile | R33: Group 1.1a | S33: Group 1.1a-Nitrosopumilus | T33: sequenced | U33: coastal surface water | V33: North Adriatic Sea | W33: RR_culture_032 | X33: 30 | Z33: 7.2 | AF33: Culture-temperature | AG33: IPL-GDGTs | AH33: IPL-GDGT (reported); 1G (Hexose) | AJ33: NP-UHPLC-ESI-qTOF-MS/MS | AK33: =SUM(Table1[[#This Row],[reported_1302]:[reported_1286_iso]]) -> 23.105219 | AL33: 5.0490274 | AM33: 2.3830439 | AN33: 1.9410299 | AO33: 1.3885496 | AP33: 9.2803375 | AQ33: 0.45435298 | AR33: 2.6088783 | BA33: =AL33/SUM($AL33:$AQ33) -> 0.24633798 | BB33: =AM33/SUM($AL33:$AQ33) -> 0.11626679 | BC33: =AN33/SUM($AL33:$AQ33) -> 0.094701286 | BD33: =AO33/SUM($AL33:$AQ33) -> 0.06774622 | BE33: =AP33/SUM($AL33:$AQ33) -> 0.4527802 | BF33: =AQ33/SUM($AL33:$AQ33) -> 0.022167517 | BG33: =#N/A -> #N/A | BH33: Culture | BI33: Culture - AOA | BJ33: Elling et al. (2017) Environmnental Microbiology | BK33: Data from original source | BL33: Data from original source; assumed GDGT-5 as Cren | BM33: No | BN33: No | BO33: Not reported; Assumed no brGDGTs (Cultures) | BP33: No | BQ33: No | BR33: Pass | BS33: Pass | BT33: Elling et al. (2017) | BU33: Felix | BV33: https://doi.org/10.1111/1462-2920.13759 | BW33: GTDB Release 214.1; NCBI (retrieved from February 21, 2024)
A34: Elling2017_culture_marineAOA_1G_P-GDGT_Nitrosopumilus maritimus SCM1 | B34: SCM1 | C34: Nitrosopumilus maritimus SCM1 | D34: =INDEX(Strain_IDs!C:C,MATCH(Table1[[#This Row],[Strains]],Strain_IDs!D:D,0)) -> 7 | E34: p__Thermoproteota | F34: c__Nitrososphaeria | G34: o__Nitrososphaerales | H34: f__Nitrosopumilaceae | I34: g__Nitrosopumilus | J34: s__Nitrosopumilus maritimus | K34: p__Nitrososphaerota | L34: c__Nitrososphaeria | M34: o__Nitrosopumilales | N34: f__Nitrosopumilaceae | O34: g__Nitrosopumilus | P34: s__Nitrosopumilus maritimus | Q34: Marine mesophile | R34: Group 1.1a | S34: Group 1.1a-Nitrosopumilus | T34: sequenced | U34: a tropical marine fish tank at the Seattle Aquarium in Seattle | V34: Washington | W34: RR_culture_033 | X34: 28 | Z34: 7.5 | AF34: Culture-temperature | AG34: IPL-GDGTs | AH34: IPL-GDGT (reported); 1G (Hexose) | AJ34: NP-UHPLC-ESI-qTOF-MS/MS | AK34: =SUM(Table1[[#This Row],[reported_1302]:[reported_1286_iso]]) -> 49.742182 | AL34: 6.3709435 | AM34: 6.9359167 | AN34: 11.466996 | AO34: 6.2297704 | AP34: 12.845689 | AQ34: 0.41169793 | AR34: 5.4811683 | BA34: =AL34/SUM($AL34:$AQ34) -> 0.1439403 | BB34: =AM34/SUM($AL34:$AQ34) -> 0.15670488 | BC34: =AN34/SUM($AL34:$AQ34) -> 0.25907667 | BD34: =AO34/SUM($AL34:$AQ34) -> 0.14075074 | BE34: =AP34/SUM($AL34:$AQ34) -> 0.29022582 | BF34: =AQ34/SUM($AL34:$AQ34) -> 0.0093015929 | BG34: =#N/A -> #N/A | BH34: Culture | BI34: Culture - AOA | BJ34: Elling et al. (2017) Environmnental Microbiology | BK34: Data from original source | BL34: Data from original source; assumed GDGT-5 as Cren | BM34: No | BN34: No | BO34: Not reported; Assumed no brGDGTs (Cultures) | BP34: No | BQ34: Yes | BR34: Fail | BS34: Pass | BT34: Elling et al. (2017) | BU34: Felix | BV34: https://doi.org/10.1111/1462-2920.13759 | BW34: GTDB Release 214.1; NCBI (retrieved from February 21, 2024)
A35: Elling2017_culture_marineAOA_1G_P-GDGT_Nitrosopumilus piranensis D3C | B35: D3C | C35: Nitrosopumilus piranensis D3C | D35: =INDEX(Strain_IDs!C:C,MATCH(Table1[[#This Row],[Strains]],Strain_IDs!D:D,0)) -> 8 | E35: p__Thermoproteota | F35: c__Nitrososphaeria | G35: o__Nitrososphaerales | H35: f__Nitrosopumilaceae | I35: g__Nitrosopumilus | J35: s_Nirosopumilus piranensis | K35: p__Nitrososphaerota | L35: c__Nitrososphaeria | M35: o__Nitrosopumilales | N35: f__Nitrosopumilaceae | O35: g__Nitrosopumilus | P35: s_Nirosopumilus piranensis | Q35: Marine mesophile | R35: Group 1.1a | S35: Group 1.1a-Nitrosopumilus | T35: sequenced | U35: coastal surface water | V35: North Adriatic Sea | W35: RR_culture_034 | X35: 30 | Z35: 7.2 | AF35: Culture-temperature | AG35: IPL-GDGTs | AH35: IPL-GDGT (reported); 1G (Hexose) | AJ35: NP-UHPLC-ESI-qTOF-MS/MS | AK35: =SUM(Table1[[#This Row],[reported_1302]:[reported_1286_iso]]) -> 25.588301 | AL35: 4.6245747 | AM35: 4.1915227 | AN35: 3.7386736 | AO35: 1.0157447 | AP35: 10.077201 | AQ35: 0.22330436 | AR35: 1.7172808 | BA35: =AL35/SUM($AL35:$AQ35) -> 0.19373175 | BB35: =AM35/SUM($AL35:$AQ35) -> 0.17559043 | BC35: =AN35/SUM($AL35:$AQ35) -> 0.15661976 | BD35: =AO35/SUM($AL35:$AQ35) -> 0.042551371 | BE35: =AP35/SUM($AL35:$AQ35) -> 0.42215207 | BF35: =AQ35/SUM($AL35:$AQ35) -> 0.0093546216 | BG35: =#N/A -> #N/A | BH35: Culture | BI35: Culture - AOA | BJ35: Elling et al. (2017) Environmnental Microbiology | BK35: Data from original source | BL35: Data from original source; assumed GDGT-5 as Cren | BM35: No | BN35: No | BO35: Not reported; Assumed no brGDGTs (Cultures) | BP35: No | BQ35: No | BR35: Pass | BS35: Pass | BT35: Elling et al. (2017) | BU35: Felix | BV35: https://doi.org/10.1111/1462-2920.13759 | BW35: GTDB Release 214.1; NCBI (retrieved from February 21, 2024)
A36: Elling2017_culture_marineAOA_1G_P-GDGT_Strain NAOA2 | B36: NAOA2 | C36: Ca. Nitrosopumilus sp. NAOA2 | D36: =INDEX(Strain_IDs!C:C,MATCH(Table1[[#This Row],[Strains]],Strain_IDs!D:D,0)) -> 5.2 | E36: p__Thermoproteota | F36: c__Nitrososphaeria | G36: o__Nitrososphaerales | H36: f__Nitrosopumilaceae | I36: g__Nitrosopumilus | K36: p__Nitrososphaerota | L36: c__Nitrososphaeria | M36: o__Nitrosopumilales | N36: f__Nitrosopumilaceae | O36: g__Nitrosopumilus | Q36: Marine mesophile | R36: Group 1.1a | S36: Group 1.1a-Nitrosopumilus | T36: not_sequenced | U36: South Atlantic surface water | V36: South Atlantic; Benguela upwelling system | W36: RR_culture_035 | X36: 28 | Z36: 7.5 | AF36: Culture-temperature | AG36: IPL-GDGTs | AH36: IPL-GDGT (reported); 1G (Hexose) | AJ36: NP-UHPLC-ESI-qTOF-MS/MS | AK36: =SUM(Table1[[#This Row],[reported_1302]:[reported_1286_iso]]) -> 9.4829156 | AL36: 0.098309618 | AM36: 0.030356286 | AN36: 2.9725502 | AO36: 2.4007666 | AP36: 1.3469157 | AQ36: 0.32536556 | AR36: 2.3086516 | BA36: =AL36/SUM($AL36:$AQ36) -> 0.013703094 | BB36: =AM36/SUM($AL36:$AQ36) -> 0.0042312753 | BC36: =AN36/SUM($AL36:$AQ36) -> 0.41433521 | BD36: =AO36/SUM($AL36:$AQ36) -> 0.33463595 | BE36: =AP36/SUM($AL36:$AQ36) -> 0.18774271 | BF36: =AQ36/SUM($AL36:$AQ36) -> 0.045351768 | BG36: =#N/A -> #N/A | BH36: Culture | BI36: Culture - AOA | BJ36: Elling et al. (2017) Environmnental Microbiology | BK36: Data from original source | BL36: Data from original source; assumed GDGT-5 as Cren | BM36: No | BN36: No | BO36: Not reported; Assumed no brGDGTs (Cultures) | BP36: No | BQ36: Yes | BR36: Fail | BS36: Pass | BT36: Elling et al. (2017) | BU36: Felix | BV36: https://doi.org/10.1111/1462-2920.13759 | BW36: GTDB Release 214.1; NCBI (retrieved from February 21, 2024)
A37: Elling2017_culture_marineAOA_1G_P-GDGT_Strain NAOA6 | B37: NAOA6 | C37: Ca. Nitrosopumilus sp. NAOA6 | D37: =INDEX(Strain_IDs!C:C,MATCH(Table1[[#This Row],[Strains]],Strain_IDs!D:D,0)) -> 7.1 | E37: p__Thermoproteota | F37: c__Nitrososphaeria | G37: o__Nitrososphaerales | H37: f__Nitrosopumilaceae | I37: g__Nitrosopumilus | K37: p__Nitrososphaerota | L37: c__Nitrososphaeria | M37: o__Nitrosopumilales | N37: f__Nitrosopumilaceae | O37: g__Nitrosopumilus | Q37: Marine mesophile | R37: Group 1.1a | S37: Group 1.1a-Nitrosopumilus | T37: not_sequenced | U37: South Atlantic surface water | V37: South Atlantic; Benguela upwelling system | W37: RR_culture_036 | X37: 28 | Z37: 7.5 | AF37: Culture-temperature | AG37: IPL-GDGTs | AH37: IPL-GDGT (reported); 1G (Hexose) | AJ37: NP-UHPLC-ESI-qTOF-MS/MS | AK37: =SUM(Table1[[#This Row],[reported_1302]:[reported_1286_iso]]) -> 31.733102 | AL37: 4.9450961 | AM37: 5.5036843 | AN37: 7.3860546 | AO37: 3.2070201 | AP37: 8.2080554 | AQ37: 0.18416028 | AR37: 2.299031 | BA37: =AL37/SUM($AL37:$AQ37) -> 0.16800585 | BB37: =AM37/SUM($AL37:$AQ37) -> 0.18698346 | BC37: =AN37/SUM($AL37:$AQ37) -> 0.25093555 | BD37: =AO37/SUM($AL37:$AQ37) -> 0.10895605 | BE37: =AP37/SUM($AL37:$AQ37) -> 0.27886239 | BF37: =AQ37/SUM($AL37:$AQ37) -> 0.0062567043 | BG37: =#N/A -> #N/A | BH37: Culture | BI37: Culture - AOA | BJ37: Elling et al. (2017) Environmnental Microbiology | BK37: Data from original source | BL37: Data from original source; assumed GDGT-5 as Cren | BM37: No | BN37: No | BO37: Not reported; Assumed no brGDGTs (Cultures) | BP37: No | BQ37: Yes | BR37: Fail | BS37: Pass | BT37: Elling et al. (2017) | BU37: Felix | BV37: https://doi.org/10.1111/1462-2920.13759 | BW37: GTDB Release 214.1; NCBI (retrieved from February 21, 2024)
A38: Elling2017_culture_marineAOA_2G_P-GDGT_Nitrosopumilus adriaticus NF5 | B38: NF5 | C38: Nitrosopumilus adriaticus NF5 | D38: =INDEX(Strain_IDs!C:C,MATCH(Table1[[#This Row],[Strains]],Strain_IDs!D:D,0)) -> 5 | E38: p__Thermoproteota | F38: c__Nitrososphaeria | G38: o__Nitrososphaerales | H38: f__Nitrosopumilaceae | I38: g__Nitrosopumilus | J38: s__Nitrosopumilus adriaticus | K38: p__Nitrososphaerota | L38: c__Nitrososphaeria | M38: o__Nitrosopumilales | N38: f__Nitrosopumilaceae | O38: g__Nitrosopumilus | P38: s__Nitrosopumilus adriaticus | Q38: Marine mesophile | R38: Group 1.1a | S38: Group 1.1a-Nitrosopumilus | T38: sequenced | U38: coastal surface water | V38: North Adriatic Sea | W38: RR_culture_037 | X38: 30 | Z38: 7.2 | AF38: Culture-temperature | AG38: IPL-GDGTs | AH38: IPL-GDGT (reported); 2G (Dihexose) | AJ38: NP-UHPLC-ESI-qTOF-MS/MS | AK38: =SUM(Table1[[#This Row],[reported_1302]:[reported_1286_iso]]) -> 46.064538 | AL38: 0.21085137 | AM38: 3.0355514 | AN38: 16.875651 | AO38: 9.5349124 | AP38: 1.0992971 | AQ38: 0.96198906 | AR38: 14.346286 | BA38: =AL38/SUM($AL38:$AQ38) -> 0.0066476352 | BB38: =AM38/SUM($AL38:$AQ38) -> 0.095703615 | BC38: =AN38/SUM($AL38:$AQ38) -> 0.53204858 | BD38: =AO38/SUM($AL38:$AQ38) -> 0.30061279 | BE38: =AP38/SUM($AL38:$AQ38) -> 0.034658185 | BF38: =AQ38/SUM($AL38:$AQ38) -> 0.030329195 | BG38: =#N/A -> #N/A | BH38: Culture | BI38: Culture - AOA | BJ38: Elling et al. (2017) Environmnental Microbiology | BK38: Data from original source | BL38: Data from original source; assumed GDGT-5 as Cren | BM38: No | BN38: No | BO38: Not reported; Assumed no brGDGTs (Cultures) | BP38: No | BQ38: Yes | BR38: Fail | BS38: Pass | BT38: Elling et al. (2017) | BU38: Felix | BV38: https://doi.org/10.1111/1462-2920.13759 | BW38: GTDB Release 214.1; NCBI (retrieved from February 21, 2024)
A39: Elling2017_culture_marineAOA_2G_P-GDGT_Nitrosopumilus maritimus SCM1 | B39: SCM1 | C39: Nitrosopumilus maritimus SCM1 | D39: =INDEX(Strain_IDs!C:C,MATCH(Table1[[#This Row],[Strains]],Strain_IDs!D:D,0)) -> 7 | E39: p__Thermoproteota | F39: c__Nitrososphaeria | G39: o__Nitrososphaerales | H39: f__Nitrosopumilaceae | I39: g__Nitrosopumilus | J39: s__Nitrosopumilus maritimus | K39: p__Nitrososphaerota | L39: c__Nitrososphaeria | M39: o__Nitrosopumilales | N39: f__Nitrosopumilaceae | O39: g__Nitrosopumilus | P39: s__Nitrosopumilus maritimus | Q39: Marine mesophile | R39: Group 1.1a | S39: Group 1.1a-Nitrosopumilus | T39: sequenced | U39: a tropical marine fish tank at the Seattle Aquarium in Seattle | V39: Washington | W39: RR_culture_038 | X39: 28 | Z39: 7.5 | AF39: Culture-temperature | AG39: IPL-GDGTs | AH39: IPL-GDGT (reported); 2G (Dihexose) | AJ39: NP-UHPLC-ESI-qTOF-MS/MS | AK39: =SUM(Table1[[#This Row],[reported_1302]:[reported_1286_iso]]) -> 9.5594863 | AL39: 0 | AM39: 0 | AN39: 0 | AO39: 0 | AP39: 8.8456279 | AQ39: 0.7138584 | AR39: 0 | BA39: =AL39/SUM($AL39:$AQ39) -> 0 | BB39: =AM39/SUM($AL39:$AQ39) -> 0 | BC39: =AN39/SUM($AL39:$AQ39) -> 0 | BD39: =AO39/SUM($AL39:$AQ39) -> 0 | BE39: =AP39/SUM($AL39:$AQ39) -> 0.92532461 | BF39: =AQ39/SUM($AL39:$AQ39) -> 0.074675393 | BG39: =#N/A -> #N/A | BH39: Culture | BI39: Culture - AOA | BJ39: Elling et al. (2017) Environmnental Microbiology | BK39: Data from original source | BL39: Data from original source; assumed GDGT-5 as Cren | BM39: No | BN39: No | BO39: Not reported; Assumed no brGDGTs (Cultures) | BP39: No | BQ39: No | BR39: Pass | BS39: Fail | BT39: Elling et al. (2017) | BU39: Felix | BV39: https://doi.org/10.1111/1462-2920.13759 | BW39: GTDB Release 214.1; NCBI (retrieved from February 21, 2024)
A40: Elling2017_culture_marineAOA_2G_P-GDGT_Nitrosopumilus piranensis D3C | B40: D3C | C40: Nitrosopumilus piranensis D3C | D40: =INDEX(Strain_IDs!C:C,MATCH(Table1[[#This Row],[Strains]],Strain_IDs!D:D,0)) -> 8 | E40: p__Thermoproteota | F40: c__Nitrososphaeria | G40: o__Nitrososphaerales | H40: f__Nitrosopumilaceae | I40: g__Nitrosopumilus | J40: s_Nirosopumilus piranensis | K40: p__Nitrososphaerota | L40: c__Nitrososphaeria | M40: o__Nitrosopumilales | N40: f__Nitrosopumilaceae | O40: g__Nitrosopumilus | P40: s_Nirosopumilus piranensis | Q40: Marine mesophile | R40: Group 1.1a | S40: Group 1.1a-Nitrosopumilus | T40: sequenced | U40: coastal surface water | V40: North Adriatic Sea | W40: RR_culture_039 | X40: 30 | Z40: 7.2 | AF40: Culture-temperature | AG40: IPL-GDGTs | AH40: IPL-GDGT (reported); 2G (Dihexose) | AJ40: NP-UHPLC-ESI-qTOF-MS/MS | AK40: =SUM(Table1[[#This Row],[reported_1302]:[reported_1286_iso]]) -> 2.4629464 | AL40: 0 | AM40: 0 | AN40: 0 | AO40: 0 | AP40: 0.88609342 | AQ40: 0.61267036 | AR40: 0.96418263 | BA40: =AL40/SUM($AL40:$AQ40) -> 0 | BB40: =AM40/SUM($AL40:$AQ40) -> 0 | BC40: =AN40/SUM($AL40:$AQ40) -> 0 | BD40: =AO40/SUM($AL40:$AQ40) -> 0 | BE40: =AP40/SUM($AL40:$AQ40) -> 0.5912162 | BF40: =AQ40/SUM($AL40:$AQ40) -> 0.4087838 | BG40: =#N/A -> #N/A | BH40: Culture | BI40: Culture - AOA | BJ40: Elling et al. (2017) Environmnental Microbiology | BK40: Data from original source | BL40: Data from original source; assumed GDGT-5 as Cren | BM40: No | BN40: No | BO40: Not reported; Assumed no brGDGTs (Cultures) | BP40: No | BQ40: No | BR40: Pass | BS40: Fail | BT40: Elling et al. (2017) | BU40: Felix | BV40: https://doi.org/10.1111/1462-2920.13759 | BW40: GTDB Release 214.1; NCBI (retrieved from February 21, 2024)
A41: Elling2017_culture_marineAOA_2G_P-GDGT_Strain NAOA2 | B41: NAOA2 | C41: Ca. Nitrosopumilus sp. NAOA2 | D41: =INDEX(Strain_IDs!C:C,MATCH(Table1[[#This Row],[Strains]],Strain_IDs!D:D,0)) -> 5.2 | E41: p__Thermoproteota | F41: c__Nitrososphaeria | G41: o__Nitrososphaerales | H41: f__Nitrosopumilaceae | I41: g__Nitrosopumilus | K41: p__Nitrososphaerota | L41: c__Nitrososphaeria | M41: o__Nitrosopumilales | N41: f__Nitrosopumilaceae | O41: g__Nitrosopumilus | Q41: Marine mesophile | R41: Group 1.1a | S41: Group 1.1a-Nitrosopumilus | T41: not_sequenced | U41: South Atlantic surface water | V41: South Atlantic; Benguela upwelling system | W41: RR_culture_040 | X41: 28 | Z41: 7.5 | AF41: Culture-temperature | AG41: IPL-GDGTs | AH41: IPL-GDGT (reported); 2G (Dihexose) | AJ41: NP-UHPLC-ESI-qTOF-MS/MS | AK41: =SUM(Table1[[#This Row],[reported_1302]:[reported_1286_iso]]) -> 13.144666 | AL41: 0.03583143 | AM41: 0.23898127 | AN41: 6.1934436 | AO41: 2.6323111 | AP41: 0.050249626 | AQ41: 0.32224677 | AR41: 3.6716027 | BA41: =AL41/SUM($AL41:$AQ41) -> 0.0037824542 | BB41: =AM41/SUM($AL41:$AQ41) -> 0.025227453 | BC41: =AN41/SUM($AL41:$AQ41) -> 0.6537952 | BD41: =AO41/SUM($AL41:$AQ41) -> 0.27787326 | BE41: =AP41/SUM($AL41:$AQ41) -> 0.0053044746 | BF41: =AQ41/SUM($AL41:$AQ41) -> 0.034017165 | BG41: =#N/A -> #N/A | BH41: Culture | BI41: Culture - AOA | BJ41: Elling et al. (2017) Environmnental Microbiology | BK41: Data from original source | BL41: Data from original source; assumed GDGT-5 as Cren | BM41: No | BN41: No | BO41: Not reported; Assumed no brGDGTs (Cultures) | BP41: No | BQ41: Yes | BR41: Fail | BS41: Pass | BT41: Elling et al. (2017) | BU41: Felix | BV41: https://doi.org/10.1111/1462-2920.13759 | BW41: GTDB Release 214.1; NCBI (retrieved from February 21, 2024)
A42: Elling2017_culture_marineAOA_2G_P-GDGT_Strain NAOA6 | B42: NAOA6 | C42: Ca. Nitrosopumilus sp. NAOA6 | D42: =INDEX(Strain_IDs!C:C,MATCH(Table1[[#This Row],[Strains]],Strain_IDs!D:D,0)) -> 7.1 | E42: p__Thermoproteota | F42: c__Nitrososphaeria | G42: o__Nitrososphaerales | H42: f__Nitrosopumilaceae | I42: g__Nitrosopumilus | K42: p__Nitrososphaerota | L42: c__Nitrososphaeria | M42: o__Nitrosopumilales | N42: f__Nitrosopumilaceae | O42: g__Nitrosopumilus | Q42: Marine mesophile | R42: Group 1.1a | S42: Group 1.1a-Nitrosopumilus | T42: not_sequenced | U42: South Atlantic surface water | V42: South Atlantic; Benguela upwelling system | W42: RR_culture_041 | X42: 28 | Z42: 7.5 | AF42: Culture-temperature | AG42: IPL-GDGTs | AH42: IPL-GDGT (reported); 2G (Dihexose) | AJ42: NP-UHPLC-ESI-qTOF-MS/MS | AK42: =SUM(Table1[[#This Row],[reported_1302]:[reported_1286_iso]]) -> 34.980414 | AL42: 0.085736732 | AM42: 1.0702775 | AN42: 13.290032 | AO42: 9.8983442 | AP42: 0.51583811 | AQ42: 1.1356667 | AR42: 8.9845192 | BA42: =AL42/SUM($AL42:$AQ42) -> 0.0032980873 | BB42: =AM42/SUM($AL42:$AQ42) -> 0.041171019 | BC42: =AN42/SUM($AL42:$AQ42) -> 0.51123579 | BD42: =AO42/SUM($AL42:$AQ42) -> 0.38076566 | BE42: =AP42/SUM($AL42:$AQ42) -> 0.01984306 | BF42: =AQ42/SUM($AL42:$AQ42) -> 0.043686385 | BG42: =#N/A -> #N/A | BH42: Culture | BI42: Culture - AOA | BJ42: Elling et al. (2017) Environmnental Microbiology | BK42: Data from original source | BL42: Data from original source; assumed GDGT-5 as Cren | BM42: No | BN42: No | BO42: Not reported; Assumed no brGDGTs (Cultures) | BP42: No | BQ42: Yes | BR42: Fail | BS42: Pass | BT42: Elling et al. (2017) | BU42: Felix | BV42: https://doi.org/10.1111/1462-2920.13759 | BW42: GTDB Release 214.1; NCBI (retrieved from February 21, 2024)
A43: Elling2017_culture_ThAOA_1G_P-GDGT_Nitrosocaldus yellowstonii | B43: HL72 | C43: Ca. Nitrosocaldus yellowstonensis HL72 | D43: =INDEX(Strain_IDs!C:C,MATCH(Table1[[#This Row],[Strains]],Strain_IDs!D:D,0)) -> 25.1 | E43: p__Thermoproteota | F43: c__Nitrososphaeria | G43: o__Nitrososphaerales | H43: f__Nitrosocaldaceae | I43: g__Nitrosocaldus | K43: p__Nitrososphaerota | L43: c__Nitrososphaeria | M43: o__Ca. Nitrosocaldales | N43: f__Ca. Nitrosocaldaceae | O43: g__Ca. Nitrosocaldus | Q43: Terrestrial thermophile | R43: HWCG-III | S43: HWCG-III-Nitrosocaldus | T43: not_sequenced | W43: RR_culture_042 | X43: 72 | Z43: 7 | AF43: Culture-temperature | AG43: IPL-GDGTs | AH43: IPL-GDGT (reported); 1G (Hexose) | AJ43: NP-UHPLC-ESI-qTOF-MS/MS | AK43: =SUM(Table1[[#This Row],[reported_1302]:[reported_1286_iso]]) -> 78.777591 | AL43: 0.16234895 | AM43: 0.23816778 | AN43: 0.39306706 | AO43: 0.31116404 | AP43: 67.968431 | AQ43: 5.4886518 | AR43: 4.2157608 | BA43: =AL43/SUM($AL43:$AQ43) -> 0.0021773734 | BB43: =AM43/SUM($AL43:$AQ43) -> 0.0031942319 | BC43: =AN43/SUM($AL43:$AQ43) -> 0.0052716928 | BD43: =AO43/SUM($AL43:$AQ43) -> 0.0041732349 | BE43: =AP43/SUM($AL43:$AQ43) -> 0.91157138 | BF43: =AQ43/SUM($AL43:$AQ43) -> 0.073612085 | BG43: =#N/A -> #N/A | BH43: Culture | BI43: Culture - ThAOA | BJ43: Elling et al. (2017) Environmnental Microbiology | BK43: Data from original source | BL43: Data from original source; assumed GDGT-5 as Cren | BM43: No | BN43: No | BO43: Not reported; Assumed no brGDGTs (Cultures) | BP43: No | BQ43: No | BR43: Pass | BS43: Pass | BT43: Elling et al. (2017) | BU43: Felix | BV43: https://doi.org/10.1111/1462-2920.13759 | BW43: GTDB Release 214.1; NCBI (retrieved from February 21, 2024)
A44: Elling2017_culture_ThAOA_1G_P-GDGT_Nitrososphaera gargensis Ga9.2_46degC_pH7.8_stationaryPhase | B44: Ga9.2 | C44: Ca. Nitrososphaera gargensis Ga9.2 | D44: =INDEX(Strain_IDs!C:C,MATCH(Table1[[#This Row],[Strains]],Strain_IDs!D:D,0)) -> 15 | E44: p__Thermoproteota | F44: c__Nitrososphaeria | G44: o__Nitrososphaerales | H44: f__Nitrososphaeraceae | I44: g__Nitrososphaera | K44: p__Nitrososphaerota | L44: c__Nitrososphaeria | M44: o__Nitrososphaerales | N44: f__Nitrososphaeraceae | O44: g__Nitrososphaera | Q44: Terrestrial thermophile | R44: Group 1.1b | S44: Group 1.1b-Nitrososphaera | T44: sequenced | W44: RR_culture_043 | X44: 46 | Z44: 7.8 | AE44: Stationary Phase | AF44: Culture-temperature | AG44: IPL-GDGTs | AH44: IPL-GDGT (reported); 1G (Hexose) | AJ44: NP-UHPLC-ESI-qTOF-MS/MS | AK44: =SUM(Table1[[#This Row],[reported_1302]:[reported_1286_iso]]) -> 49.072084 | AL44: 1.5837492 | AM44: 1.35076 | AN44: 1.5183514 | AO44: 1.2915565 | AP44: 37.319339 | AQ44: 0.70553501 | AR44: 5.3027932 | BA44: =AL44/SUM($AL44:$AQ44) -> 0.036184027 | BB44: =AM44/SUM($AL44:$AQ44) -> 0.030860907 | BC44: =AN44/SUM($AL44:$AQ44) -> 0.034689879 | BD44: =AO44/SUM($AL44:$AQ44) -> 0.02950828 | BE44: =AP44/SUM($AL44:$AQ44) -> 0.8526375 | BF44: =AQ44/SUM($AL44:$AQ44) -> 0.016119407 | BG44: =#N/A -> #N/A | BH44: Culture | BI44: Culture - ThAOA | BJ44: Elling et al. (2017) Environmnental Microbiology | BK44: Data from original source | BL44: Data from original source; assumed GDGT-5 as Cren | BM44: No | BN44: No | BO44: Not reported; Assumed no brGDGTs (Cultures) | BP44: No | BQ44: No | BR44: Pass | BS44: Pass | BT44: Elling et al. (2017) | BU44: Felix | BV44: https://doi.org/10.1111/1462-2920.13759 | BW44: GTDB Release 214.1; NCBI (retrieved from February 21, 2024)
A45: Elling2017_culture_ThAOA_2G_P-GDGT_Nitrososphaera gargensis Ga9.2_46degC_pH7.8_stationaryPhase | B45: Ga9.2 | C45: Ca. Nitrososphaera gargensis Ga9.2 | D45: =INDEX(Strain_IDs!C:C,MATCH(Table1[[#This Row],[Strains]],Strain_IDs!D:D,0)) -> 15 | E45: p__Thermoproteota | F45: c__Nitrososphaeria | G45: o__Nitrososphaerales | H45: f__Nitrososphaeraceae | I45: g__Nitrososphaera | K45: p__Nitrososphaerota | L45: c__Nitrososphaeria | M45: o__Nitrososphaerales | N45: f__Nitrososphaeraceae | O45: g__Nitrososphaera | Q45: Terrestrial thermophile | R45: Group 1.1b | S45: Group 1.1b-Nitrososphaera | T45: sequenced | W45: RR_culture_044 | X45: 46 | Z45: 7.8 | AE45: Stationary Phase | AF45: Culture-temperature | AG45: IPL-GDGTs | AH45: IPL-GDGT (reported); 2G (Dihexose) | AJ45: NP-UHPLC-ESI-qTOF-MS/MS | AK45: =SUM(Table1[[#This Row],[reported_1302]:[reported_1286_iso]]) -> 19.375346 | AL45: 0.082736634 | AM45: 1.2633202 | AN45: 5.684898 | AO45: 4.2889259 | AP45: 0.50322099 | AQ45: 0.74700266 | AR45: 6.8052419 | BA45: =AL45/SUM($AL45:$AQ45) -> 0.0065820165 | BB45: =AM45/SUM($AL45:$AQ45) -> 0.10050197 | BC45: =AN45/SUM($AL45:$AQ45) -> 0.45225543 | BD45: =AO45/SUM($AL45:$AQ45) -> 0.3412005 | BE45: =AP45/SUM($AL45:$AQ45) -> 0.040033159 | BF45: =AQ45/SUM($AL45:$AQ45) -> 0.059426926 | BG45: =#N/A -> #N/A | BH45: Culture | BI45: Culture - AOA | BJ45: Elling et al. (2017) Environmnental Microbiology | BK45: Data from original source | BL45: Data from original source; assumed GDGT-5 as Cren | BM45: No | BN45: No | BO45: Not reported; Assumed no brGDGTs (Cultures) | BP45: No | BQ45: Yes | BR45: Fail | BS45: Pass | BT45: Elling et al. (2017) | BU45: Felix | BV45: https://doi.org/10.1111/1462-2920.13759 | BW45: GTDB Release 214.1; NCBI (retrieved from February 21, 2024)
A46: Elling2017_culture_marineAOA_total_IPLs_Nitrosopumilus adriaticus NF5 | B46: NF5 | C46: Nitrosopumilus adriaticus NF5 | D46: =INDEX(Strain_IDs!C:C,MATCH(Table1[[#This Row],[Strains]],Strain_IDs!D:D,0)) -> 5 | E46: p__Thermoproteota | F46: c__Nitrososphaeria | G46: o__Nitrososphaerales | H46: f__Nitrosopumilaceae | I46: g__Nitrosopumilus | J46: s__Nitrosopumilus adriaticus | K46: p__Nitrososphaerota | L46: c__Nitrososphaeria | M46: o__Nitrosopumilales | N46: f__Nitrosopumilaceae | O46: g__Nitrosopumilus | P46: s__Nitrosopumilus adriaticus | Q46: Marine mesophile | R46: Group 1.1a | S46: Group 1.1a-Nitrosopumilus | T46: sequenced | U46: coastal surface water | V46: North Adriatic Sea | W46: RR_culture_045 | X46: 30 | Z46: 7.2 | AF46: Culture-temperature | AG46: IPL-GDGTs | AH46: Total IPLs (calculated) | AJ46: NP-UHPLC-ESI-qTOF-MS/MS | AK46: =SUM(Table1[[#This Row],[reported_1302]:[reported_1286_iso]]) -> 96.30872 | AL46: 9.1361731 | AM46: 21.328141 | AN46: 33.098167 | AO46: 7.8607363 | AP46: 12.462341 | AQ46: 1.2013556 | AR46: 11.221805 | BA46: =AL46/SUM($AL46:$AQ46) -> 0.1073746 | BB46: =AM46/SUM($AL46:$AQ46) -> 0.250663 | BC46: =AN46/SUM($AL46:$AQ46) -> 0.38899245 | BD46: =AO46/SUM($AL46:$AQ46) -> 0.092384785 | BE46: =AP46/SUM($AL46:$AQ46) -> 0.14646602 | BF46: =AQ46/SUM($AL46:$AQ46) -> 0.014119159 | BG46: =#N/A -> #N/A | BH46: Culture | BI46: Culture - AOA | BJ46: Elling et al. (2017) Environmnental Microbiology | BK46: Data from original source | BL46: Data from original source; assumed GDGT-5 as Cren - calculated from all IPL fractions | BM46: No | BN46: No | BO46: Not reported; Assumed no brGDGTs (Cultures) | BP46: No | BQ46: Yes | BR46: Fail | BS46: Pass | BT46: Elling et al. (2017) | BU46: Felix | BV46: https://doi.org/10.1111/1462-2920.13759 | BW46: GTDB Release 214.1; NCBI (retrieved from February 21, 2024)
A47: Elling2017_culture_marineAOA_total_IPLs_Nitrosopumilus maritimus SCM1 | B47: SCM1 | C47: Nitrosopumilus maritimus SCM1 | D47: =INDEX(Strain_IDs!C:C,MATCH(Table1[[#This Row],[Strains]],Strain_IDs!D:D,0)) -> 7 | E47: p__Thermoproteota | F47: c__Nitrososphaeria | G47: o__Nitrososphaerales | H47: f__Nitrosopumilaceae | I47: g__Nitrosopumilus | J47: s__Nitrosopumilus maritimus | K47: p__Nitrososphaerota | L47: c__Nitrososphaeria | M47: o__Nitrosopumilales | N47: f__Nitrosopumilaceae | O47: g__Nitrosopumilus | P47: s__Nitrosopumilus maritimus | Q47: Marine mesophile | R47: Group 1.1a | S47: Group 1.1a-Nitrosopumilus | T47: sequenced | U47: a tropical marine fish tank at the Seattle Aquarium in Seattle | V47: Washington | W47: RR_culture_046 | X47: 28 | Z47: 7.5 | AF47: Culture-temperature | AG47: IPL-GDGTs | AH47: Total IPLs (calculated) | AJ47: NP-UHPLC-ESI-qTOF-MS/MS | AK47: =SUM(Table1[[#This Row],[reported_1302]:[reported_1286_iso]]) -> 99.99569 | AL47: 11.90872 | AM47: 13.940605 | AN47: 34.756906 | AO47: 12.553609 | AP47: 14.51715 | AQ47: 0.7339447 | AR47: 11.584756 | BA47: =AL47/SUM($AL47:$AQ47) -> 0.13469737 | BB47: =AM47/SUM($AL47:$AQ47) -> 0.15767965 | BC47: =AN47/SUM($AL47:$AQ47) -> 0.39312904 | BD47: =AO47/SUM($AL47:$AQ47) -> 0.14199158 | BE47: =AP47/SUM($AL47:$AQ47) -> 0.16420084 | BF47: =AQ47/SUM($AL47:$AQ47) -> 0.0083015151 | BG47: =#N/A -> #N/A | BH47: Culture | BI47: Culture - AOA | BJ47: Elling et al. (2017) Environmnental Microbiology | BK47: Data from original source | BL47: Data from original source; assumed GDGT-5 as Cren - calculated from all IPL fractions | BM47: No | BN47: No | BO47: Not reported; Assumed no brGDGTs (Cultures) | BP47: No | BQ47: Yes | BR47: Fail | BS47: Pass | BT47: Elling et al. (2017) | BU47: Felix | BV47: https://doi.org/10.1111/1462-2920.13759 | BW47: GTDB Release 214.1; NCBI (retrieved from February 21, 2024)
A48: Elling2017_culture_marineAOA_total_IPLs_Nitrosopumilus piranensis D3C | B48: D3C | C48: Nitrosopumilus piranensis D3C | D48: =INDEX(Strain_IDs!C:C,MATCH(Table1[[#This Row],[Strains]],Strain_IDs!D:D,0)) -> 8 | E48: p__Thermoproteota | F48: c__Nitrososphaeria | G48: o__Nitrososphaerales | H48: f__Nitrosopumilaceae | I48: g__Nitrosopumilus | J48: s_Nirosopumilus piranensis | K48: p__Nitrososphaerota | L48: c__Nitrososphaeria | M48: o__Nitrosopumilales | N48: f__Nitrosopumilaceae | O48: g__Nitrosopumilus | P48: s_Nirosopumilus piranensis | Q48: Marine mesophile | R48: Group 1.1a | S48: Group 1.1a-Nitrosopumilus | T48: sequenced | U48: coastal surface water | V48: North Adriatic Sea | W48: RR_culture_047 | X48: 30 | Z48: 7.2 | AF48: Culture-temperature | AG48: IPL-GDGTs | AH48: Total IPLs (calculated) | AJ48: NP-UHPLC-ESI-qTOF-MS/MS | AK48: =SUM(Table1[[#This Row],[reported_1302]:[reported_1286_iso]]) -> 99.834876 | AL48: 6.2342635 | AM48: 13.791119 | AN48: 37.925157 | AO48: 11.674232 | AP48: 11.910741 | AQ48: 1.1852934 | AR48: 17.11407 | BA48: =AL48/SUM($AL48:$AQ48) -> 0.075365121 | BB48: =AM48/SUM($AL48:$AQ48) -> 0.16671886 | BC48: =AN48/SUM($AL48:$AQ48) -> 0.45847181 | BD48: =AO48/SUM($AL48:$AQ48) -> 0.14112812 | BE48: =AP48/SUM($AL48:$AQ48) -> 0.14398724 | BF48: =AQ48/SUM($AL48:$AQ48) -> 0.014328843 | BG48: =#N/A -> #N/A | BH48: Culture | BI48: Culture - AOA | BJ48: Elling et al. (2017) Environmnental Microbiology | BK48: Data from original source | BL48: Data from original source; assumed GDGT-5 as Cren - calculated from all IPL fractions | BM48: No | BN48: No | BO48: Not reported; Assumed no brGDGTs (Cultures) | BP48: No | BQ48: Yes | BR48: Fail | BS48: Pass | BT48: Elling et al. (2017) | BU48: Felix | BV48: https://doi.org/10.1111/1462-2920.13759 | BW48: GTDB Release 214.1; NCBI (retrieved from February 21, 2024)
A49: Elling2017_culture_marineAOA_total_IPLs_Strain NAOA2 | B49: NAOA2 | C49: Ca. Nitrosopumilus sp. NAOA2 | D49: =INDEX(Strain_IDs!C:C,MATCH(Table1[[#This Row],[Strains]],Strain_IDs!D:D,0)) -> 5.2 | E49: p__Thermoproteota | F49: c__Nitrososphaeria | G49: o__Nitrososphaerales | H49: f__Nitrosopumilaceae | I49: g__Nitrosopumilus | K49: p__Nitrososphaerota | L49: c__Nitrososphaeria | M49: o__Nitrosopumilales | N49: f__Nitrosopumilaceae | O49: g__Nitrosopumilus | Q49: Marine mesophile | R49: Group 1.1a | S49: Group 1.1a-Nitrosopumilus | T49: not_sequenced | U49: South Atlantic surface water | V49: South Atlantic; Benguela upwelling system | W49: RR_culture_048 | X49: 28 | Z49: 7.5 | AF49: Culture-temperature | AG49: IPL-GDGTs | AH49: Total IPLs (calculated) | AJ49: NP-UHPLC-ESI-qTOF-MS/MS | AK49: =SUM(Table1[[#This Row],[reported_1302]:[reported_1286_iso]]) -> 99.881478 | AL49: 5.7124884 | AM49: 8.8853345 | AN49: 42.865977 | AO49: 17.731089 | AP49: 8.5235054 | AQ49: 1.4610322 | AR49: 14.702052 | BA49: =AL49/SUM($AL49:$AQ49) -> 0.06706418 | BB49: =AM49/SUM($AL49:$AQ49) -> 0.10431315 | BC49: =AN49/SUM($AL49:$AQ49) -> 0.50324332 | BD49: =AO49/SUM($AL49:$AQ49) -> 0.20816164 | BE49: =AP49/SUM($AL49:$AQ49) -> 0.10006531 | BF49: =AQ49/SUM($AL49:$AQ49) -> 0.017152408 | BG49: =#N/A -> #N/A | BH49: Culture | BI49: Culture - AOA | BJ49: Elling et al. (2017) Environmnental Microbiology | BK49: Data from original source | BL49: Data from original source; assumed GDGT-5 as Cren - calculated from all IPL fractions | BM49: No | BN49: No | BO49: Not reported; Assumed no brGDGTs (Cultures) | BP49: No | BQ49: Yes | BR49: Fail | BS49: Pass | BT49: Elling et al. (2017) | BU49: Felix | BV49: https://doi.org/10.1111/1462-2920.13759 | BW49: GTDB Release 214.1; NCBI (retrieved from February 21, 2024)
A50: Elling2017_culture_marineAOA_total_IPLs_Strain NAOA6 | B50: NAOA6 | C50: Ca. Nitrosopumilus sp. NAOA6 | D50: =INDEX(Strain_IDs!C:C,MATCH(Table1[[#This Row],[Strains]],Strain_IDs!D:D,0)) -> 7.1 | E50: p__Thermoproteota | F50: c__Nitrososphaeria | G50: o__Nitrososphaerales | H50: f__Nitrosopumilaceae | I50: g__Nitrosopumilus | K50: p__Nitrososphaerota | L50: c__Nitrososphaeria | M50: o__Nitrosopumilales | N50: f__Nitrosopumilaceae | O50: g__Nitrosopumilus | Q50: Marine mesophile | R50: Group 1.1a | S50: Group 1.1a-Nitrosopumilus | T50: not_sequenced | U50: South Atlantic surface water | V50: South Atlantic; Benguela upwelling system | W50: RR_culture_049 | X50: 28 | Z50: 7.5 | AF50: Culture-temperature | AG50: IPL-GDGTs | AH50: Total IPLs (calculated) | AJ50: NP-UHPLC-ESI-qTOF-MS/MS | AK50: =SUM(Table1[[#This Row],[reported_1302]:[reported_1286_iso]]) -> 99.971388 | AL50: 15.953065 | AM50: 18.224349 | AN50: 35.101049 | AO50: 11.975091 | AP50: 9.5944359 | AQ50: 0.48077597 | AR50: 8.6426225 | BA50: =AL50/SUM($AL50:$AQ50) -> 0.17467733 | BB50: =AM50/SUM($AL50:$AQ50) -> 0.19954665 | BC50: =AN50/SUM($AL50:$AQ50) -> 0.38433728 | BD50: =AO50/SUM($AL50:$AQ50) -> 0.13112069 | BE50: =AP50/SUM($AL50:$AQ50) -> 0.10505382 | BF50: =AQ50/SUM($AL50:$AQ50) -> 0.0052642338 | BG50: =#N/A -> #N/A | BH50: Culture | BI50: Culture - AOA | BJ50: Elling et al. (2017) Environmnental Microbiology | BK50: Data from original source | BL50: Data from original source; assumed GDGT-5 as Cren - calculated from all IPL fractions | BM50: No | BN50: No | BO50: Not reported; Assumed no brGDGTs (Cultures) | BP50: No | BQ50: Yes | BR50: Fail | BS50: Pass | BT50: Elling et al. (2017) | BU50: Felix | BV50: https://doi.org/10.1111/1462-2920.13759 | BW50: GTDB Release 214.1; NCBI (retrieved from February 21, 2024)
A51: Elling2017_culture_ThAOA_total_IPLs_Nitrososphaera gargensis Ga9.2_46degC_pH7.8_stationaryPhase | B51: Ga9.2 | C51: Ca. Nitrososphaera gargensis Ga9.2 | D51: =INDEX(Strain_IDs!C:C,MATCH(Table1[[#This Row],[Strains]],Strain_IDs!D:D,0)) -> 15 | E51: p__Thermoproteota | F51: c__Nitrososphaeria | G51: o__Nitrososphaerales | H51: f__Nitrososphaeraceae | I51: g__Nitrososphaera | K51: p__Nitrososphaerota | L51: c__Nitrososphaeria | M51: o__Nitrososphaerales | N51: f__Nitrososphaeraceae | O51: g__Nitrososphaera | Q51: Terrestrial thermophile | R51: Group 1.1b | S51: Group 1.1b-Nitrososphaera | T51: sequenced | W51: RR_culture_050 | X51: 46 | Z51: 7.8 | AE51: Stationary Phase | AF51: Culture-temperature | AG51: IPL-GDGTs | AH51: Total IPLs (calculated) | AJ51: NP-UHPLC-ESI-qTOF-MS/MS | AK51: =SUM(Table1[[#This Row],[reported_1302]:[reported_1286_iso]]) -> 97.656585 | AL51: 1.7400361 | AM51: 1.5114456 | AN51: 1.6552274 | AO51: 1.4536061 | AP51: 69.348837 | AQ51: 1.4765104 | AR51: 20.470922 | BA51: =AL51/SUM($AL51:$AQ51) -> 0.022543514 | BB51: =AM51/SUM($AL51:$AQ51) -> 0.019581947 | BC51: =AN51/SUM($AL51:$AQ51) -> 0.021444752 | BD51: =AO51/SUM($AL51:$AQ51) -> 0.018832592 | BE51: =AP51/SUM($AL51:$AQ51) -> 0.89846786 | BF51: =AQ51/SUM($AL51:$AQ51) -> 0.019129335 | BG51: =#N/A -> #N/A | BH51: Culture | BI51: Culture - AOA | BJ51: Elling et al. (2017) Environmnental Microbiology | BK51: Data from original source | BL51: Data from original source; assumed GDGT-5 as Cren - calculated from all IPL fractions | BM51: No | BN51: No | BO51: Not reported; Assumed no brGDGTs (Cultures) | BP51: No | BQ51: No | BR51: Pass | BS51: Pass | BT51: Elling et al. (2017) | BU51: Felix | BV51: https://doi.org/10.1111/1462-2920.13759 | BW51: GTDB Release 214.1; NCBI (retrieved from February 21, 2024)
A52: Elling2017_culture_marineAOA_totalGDGTs_Nitrosopumilus adriaticus | B52: NF5 | C52: Nitrosopumilus adriaticus NF5 | D52: =INDEX(Strain_IDs!C:C,MATCH(Table1[[#This Row],[Strains]],Strain_IDs!D:D,0)) -> 5 | E52: p__Thermoproteota | F52: c__Nitrososphaeria | G52: o__Nitrososphaerales | H52: f__Nitrosopumilaceae | I52: g__Nitrosopumilus | J52: s__Nitrosopumilus adriaticus | K52: p__Nitrososphaerota | L52: c__Nitrososphaeria | M52: o__Nitrosopumilales | N52: f__Nitrosopumilaceae | O52: g__Nitrosopumilus | P52: s__Nitrosopumilus adriaticus | Q52: Marine mesophile | R52: Group 1.1a | S52: Group 1.1a-Nitrosopumilus | T52: sequenced | U52: coastal surface water | V52: North Adriatic Sea | W52: RR_culture_051 | X52: 30 | Z52: 7.2 | AF52: Culture-temperature | AG52: Total GDGTs | AH52: Total GDGTs (Hydrolysed TLEs) | AJ52: NP-UHPLC-APCI-qTOF-MS/MS | AK52: =SUM(Table1[[#This Row],[reported_1302]:[reported_1286_iso]]) -> 67.647088 | AL52: 11.193468 | AM52: 5.5869737 | AN52: 7.2090253 | AO52: 10.335349 | AP52: 21.27342 | AQ52: 2.3330189 | AR52: 9.7158333 | BA52: =AL52/SUM($AL52:$AQ52) -> 0.19321985 | BB52: =AM52/SUM($AL52:$AQ52) -> 0.09644144 | BC52: =AN52/SUM($AL52:$AQ52) -> 0.12444103 | BD52: =AO52/SUM($AL52:$AQ52) -> 0.17840713 | BE52: =AP52/SUM($AL52:$AQ52) -> 0.36721835 | BF52: =AQ52/SUM($AL52:$AQ52) -> 0.040272196 | BG52: =#N/A -> #N/A | BH52: Culture | BI52: Culture - AOA | BJ52: Elling et al. (2017) Environmnental Microbiology | BK52: Data from original source | BL52: Data from original source; assumed GDGT-5 as Cren | BM52: No | BN52: No | BO52: Not reported; Assumed no brGDGTs (Cultures) | BP52: No | BQ52: No | BR52: Pass | BS52: Pass | BT52: Elling et al. (2017) | BU52: Felix | BV52: https://doi.org/10.1111/1462-2920.13759 | BW52: GTDB Release 214.1; NCBI (retrieved from February 21, 2024)
A53: Elling2017_culture_marineAOA_totalGDGTs_Nitrosopumilus maritimus | B53: SCM1 | C53: Nitrosopumilus maritimus SCM1 | D53: =INDEX(Strain_IDs!C:C,MATCH(Table1[[#This Row],[Strains]],Strain_IDs!D:D,0)) -> 7 | E53: p__Thermoproteota | F53: c__Nitrososphaeria | G53: o__Nitrososphaerales | H53: f__Nitrosopumilaceae | I53: g__Nitrosopumilus | J53: s__Nitrosopumilus maritimus | K53: p__Nitrososphaerota | L53: c__Nitrososphaeria | M53: o__Nitrosopumilales | N53: f__Nitrosopumilaceae | O53: g__Nitrosopumilus | P53: s__Nitrosopumilus maritimus | Q53: Marine mesophile | R53: Group 1.1a | S53: Group 1.1a-Nitrosopumilus | T53: sequenced | U53: a tropical marine fish tank at the Seattle Aquarium in Seattle | V53: Washington | W53: RR_culture_052 | X53: 28 | Z53: 7.5 | AF53: Culture-temperature | AG53: Total GDGTs | AH53: Total GDGTs (Hydrolysed TLEs) | AJ53: NP-UHPLC-APCI-qTOF-MS/MS | AK53: =SUM(Table1[[#This Row],[reported_1302]:[reported_1286_iso]]) -> 90.941551 | AL53: 8.0028904 | AM53: 7.8534818 | AN53: 28.518093 | AO53: 8.0193165 | AP53: 32.729903 | AQ53: 0.64735119 | AR53: 5.1705152 | BA53: =AL53/SUM($AL53:$AQ53) -> 0.093305279 | BB53: =AM53/SUM($AL53:$AQ53) -> 0.091563331 | BC53: =AN53/SUM($AL53:$AQ53) -> 0.33249094 | BD53: =AO53/SUM($AL53:$AQ53) -> 0.09349679 | BE53: =AP53/SUM($AL53:$AQ53) -> 0.38159622 | BF53: =AQ53/SUM($AL53:$AQ53) -> 0.0075474335 | BG53: =#N/A -> #N/A | BH53: Culture | BI53: Culture - AOA | BJ53: Elling et al. (2017) Environmnental Microbiology | BK53: Data from original source | BL53: Data from original source; assumed GDGT-5 as Cren | BM53: No | BN53: No | BO53: Not reported; Assumed no brGDGTs (Cultures) | BP53: No | BQ53: Yes | BR53: Fail | BS53: Pass | BT53: Elling et al. (2017) | BU53: Felix | BV53: https://doi.org/10.1111/1462-2920.13759 | BW53: GTDB Release 214.1; NCBI (retrieved from February 21, 2024)
A54: Elling2017_culture_marineAOA_totalGDGTs_Nitrosopumilus piranensis D3C | B54: D3C | C54: Nitrosopumilus piranensis D3C | D54: =INDEX(Strain_IDs!C:C,MATCH(Table1[[#This Row],[Strains]],Strain_IDs!D:D,0)) -> 8 | E54: p__Thermoproteota | F54: c__Nitrososphaeria | G54: o__Nitrososphaerales | H54: f__Nitrosopumilaceae | I54: g__Nitrosopumilus | J54: s_Nirosopumilus piranensis | K54: p__Nitrososphaerota | L54: c__Nitrososphaeria | M54: o__Nitrosopumilales | N54: f__Nitrosopumilaceae | O54: g__Nitrosopumilus | P54: s_Nirosopumilus piranensis | Q54: Marine mesophile | R54: Group 1.1a | S54: Group 1.1a-Nitrosopumilus | T54: sequenced | U54: coastal surface water | V54: North Adriatic Sea | W54: RR_culture_053 | X54: 30 | Z54: 7.2 | AF54: Culture-temperature | AG54: Total GDGTs | AH54: Total GDGTs (Hydrolysed TLEs) | AJ54: NP-UHPLC-APCI-qTOF-MS/MS | AK54: =SUM(Table1[[#This Row],[reported_1302]:[reported_1286_iso]]) -> 82.8298 | AL54: 7.7110492 | AM54: 6.8333087 | AN54: 18.903414 | AO54: 9.6172717 | AP54: 19.321324 | AQ54: 1.6902166 | AR54: 18.753216 | BA54: =AL54/SUM($AL54:$AQ54) -> 0.12034114 | BB54: =AM54/SUM($AL54:$AQ54) -> 0.10664284 | BC54: =AN54/SUM($AL54:$AQ54) -> 0.29501282 | BD54: =AO54/SUM($AL54:$AQ54) -> 0.15009027 | BE54: =AP54/SUM($AL54:$AQ54) -> 0.30153486 | BF54: =AQ54/SUM($AL54:$AQ54) -> 0.02637807 | BG54: =#N/A -> #N/A | BH54: Culture | BI54: Culture - AOA | BJ54: Elling et al. (2017) Environmnental Microbiology | BK54: Data from original source | BL54: Data from original source; assumed GDGT-5 as Cren | BM54: No | BN54: No | BO54: Not reported; Assumed no brGDGTs (Cultures) | BP54: No | BQ54: Yes | BR54: Fail | BS54: Pass | BT54: Elling et al. (2017) | BU54: Felix | BV54: https://doi.org/10.1111/1462-2920.13759 | BW54: GTDB Release 214.1; NCBI (retrieved from February 21, 2024)
A55: Elling2017_culture_marineAOA_totalGDGTs_Strain NAOA2 | B55: NAOA2 | C55: Ca. Nitrosopumilus sp. NAOA2 | D55: =INDEX(Strain_IDs!C:C,MATCH(Table1[[#This Row],[Strains]],Strain_IDs!D:D,0)) -> 5.2 | E55: p__Thermoproteota | F55: c__Nitrososphaeria | G55: o__Nitrososphaerales | H55: f__Nitrosopumilaceae | I55: g__Nitrosopumilus | K55: p__Nitrososphaerota | L55: c__Nitrososphaeria | M55: o__Nitrosopumilales | N55: f__Nitrosopumilaceae | O55: g__Nitrosopumilus | Q55: Marine mesophile | R55: Group 1.1a | S55: Group 1.1a-Nitrosopumilus | T55: not_sequenced | U55: South Atlantic surface water | V55: South Atlantic; Benguela upwelling system | W55: RR_culture_054 | X55: 28 | Z55: 7.5 | AF55: Culture-temperature | AG55: Total GDGTs | AH55: Total GDGTs (Hydrolysed TLEs) | AJ55: NP-UHPLC-APCI-qTOF-MS/MS | AK55: =SUM(Table1[[#This Row],[reported_1302]:[reported_1286_iso]]) -> 78.672947 | AL55: 8.3309737 | AM55: 5.6350314 | AN55: 18.32901 | AO55: 16.475328 | AP55: 19.052773 | AQ55: 1.799817 | AR55: 9.0500139 | BA55: =AL55/SUM($AL55:$AQ55) -> 0.11965847 | BB55: =AM55/SUM($AL55:$AQ55) -> 0.080936427 | BC55: =AN55/SUM($AL55:$AQ55) -> 0.2632611 | BD55: =AO55/SUM($AL55:$AQ55) -> 0.23663651 | BE55: =AP55/SUM($AL55:$AQ55) -> 0.27365657 | BF55: =AQ55/SUM($AL55:$AQ55) -> 0.025850922 | BG55: =#N/A -> #N/A | BH55: Culture | BI55: Culture - AOA | BJ55: Elling et al. (2017) Environmnental Microbiology | BK55: Data from original source | BL55: Data from original source; assumed GDGT-5 as Cren | BM55: No | BN55: No | BO55: Not reported; Assumed no brGDGTs (Cultures) | BP55: No | BQ55: Yes | BR55: Fail | BS55: Pass | BT55: Elling et al. (2017) | BU55: Felix | BV55: https://doi.org/10.1111/1462-2920.13759 | BW55: GTDB Release 214.1; NCBI (retrieved from February 21, 2024)
A56: Elling2017_culture_marineAOA_totalGDGTs_Strain NAOA6 | B56: NAOA6 | C56: Candidatus Nitrosopumilus sp. NAOA6 | D56: =INDEX(Strain_IDs!C:C,MATCH(Table1[[#This Row],[Strains]],Strain_IDs!D:D,0)) -> 7.1 | E56: p__Thermoproteota | F56: c__Nitrososphaeria | G56: o__Nitrososphaerales | H56: f__Nitrosopumilaceae | I56: g__Nitrosopumilus | K56: p__Nitrososphaerota | L56: c__Nitrososphaeria | M56: o__Nitrosopumilales | N56: f__Nitrosopumilaceae | O56: g__Nitrosopumilus | Q56: Marine mesophile | R56: Group 1.1a | S56: Group 1.1a-Nitrosopumilus | T56: not_sequenced | U56: South Atlantic surface water | V56: South Atlantic; Benguela upwelling system | W56: RR_culture_055 | X56: 28 | Z56: 7.5 | AF56: Culture-temperature | AG56: Total GDGTs | AH56: Total GDGTs (Hydrolysed TLEs) | AJ56: NP-UHPLC-APCI-qTOF-MS/MS | AK56: =SUM(Table1[[#This Row],[reported_1302]:[reported_1286_iso]]) -> 84.877223 | AL56: 10.821454 | AM56: 8.3606526 | AN56: 19.02538 | AO56: 18.044197 | AP56: 19.388328 | AQ56: 1.1879325 | AR56: 8.0492788 | BA56: =AL56/SUM($AL56:$AQ56) -> 0.14085309 | BB56: =AM56/SUM($AL56:$AQ56) -> 0.10882307 | BC56: =AN56/SUM($AL56:$AQ56) -> 0.2476362 | BD56: =AO56/SUM($AL56:$AQ56) -> 0.23486503 | BE56: =AP56/SUM($AL56:$AQ56) -> 0.25236037 | BF56: =AQ56/SUM($AL56:$AQ56) -> 0.015462245 | BG56: =#N/A -> #N/A | BH56: Culture | BI56: Culture - AOA | BJ56: Elling et al. (2017) Environmnental Microbiology | BK56: Data from original source | BL56: Data from original source; assumed GDGT-5 as Cren | BM56: No | BN56: No | BO56: Not reported; Assumed no brGDGTs (Cultures) | BP56: No | BQ56: Yes | BR56: Fail | BS56: Pass | BT56: Elling et al. (2017) | BU56: Felix | BV56: https://doi.org/10.1111/1462-2920.13759 | BW56: GTDB Release 214.1; NCBI (retrieved from February 21, 2024)
A57: Elling2017_culture_ThAOA_totalGDGTs_Nitrosocaldus yellowstonii | B57: HL72 | C57: Ca. Nitrosocaldus yellowstonensis HL72 | D57: =INDEX(Strain_IDs!C:C,MATCH(Table1[[#This Row],[Strains]],Strain_IDs!D:D,0)) -> 25.1 | E57: p__Thermoproteota | F57: c__Nitrososphaeria | G57: o__Nitrososphaerales | H57: f__Nitrosocaldaceae | I57: g__Nitrosocaldus | K57: p__Nitrososphaerota | L57: c__Nitrososphaeria | M57: o__Ca. Nitrosocaldales | N57: f__Ca. Nitrosocaldaceae | O57: g__Ca. Nitrosocaldus | Q57: Terrestrial thermophile | R57: HWCG-III | S57: HWCG-III-Nitrosocaldus | T57: not_sequenced | W57: RR_culture_056 | X57: 72 | Z57: 7 | AF57: Culture-temperature | AG57: Total GDGTs | AH57: Total GDGTs (Hydrolysed TLEs) | AJ57: NP-UHPLC-APCI-qTOF-MS/MS | AK57: =SUM(Table1[[#This Row],[reported_1302]:[reported_1286_iso]]) -> 18.779394 | AL57: 3.0362028 | AM57: 0.93146446 | AN57: 0.38889231 | AO57: 0.20622715 | AP57: 12.844628 | AQ57: 0.87957911 | AR57: 0.4923997 | BA57: =AL57/SUM($AL57:$AQ57) -> 0.16603072 | BB57: =AM57/SUM($AL57:$AQ57) -> 0.050935897 | BC57: =AN57/SUM($AL57:$AQ57) -> 0.021266059 | BD57: =AO57/SUM($AL57:$AQ57) -> 0.011277258 | BE57: =AP57/SUM($AL57:$AQ57) -> 0.70239145 | BF57: =AQ57/SUM($AL57:$AQ57) -> 0.048098615 | BG57: =#N/A -> #N/A | BH57: Culture | BI57: Culture - ThAOA | BJ57: Elling et al. (2017) Environmnental Microbiology | BK57: Data from original source | BL57: Data from original source; assumed GDGT-5 as Cren | BM57: No | BN57: No | BO57: Not reported; Assumed no brGDGTs (Cultures) | BP57: No | BQ57: No | BR57: Pass | BS57: Pass | BT57: Elling et al. (2017) | BU57: Felix | BV57: https://doi.org/10.1111/1462-2920.13759 | BW57: GTDB Release 214.1; NCBI (retrieved from February 21, 2024)
A58: Elling2017_culture_ThAOA_totalGDGTs_Nitrososphaera gargensis Ga9.2_35degC_pH7.8_stationaryPhase | B58: Ga9.2 | C58: Ca. Nitrososphaera gargensis Ga9.2 | D58: =INDEX(Strain_IDs!C:C,MATCH(Table1[[#This Row],[Strains]],Strain_IDs!D:D,0)) -> 15 | E58: p__Thermoproteota | F58: c__Nitrososphaeria | G58: o__Nitrososphaerales | H58: f__Nitrososphaeraceae | I58: g__Nitrososphaera | K58: p__Nitrososphaerota | L58: c__Nitrososphaeria | M58: o__Nitrososphaerales | N58: f__Nitrososphaeraceae | O58: g__Nitrososphaera | Q58: Terrestrial thermophile | R58: Group 1.1b | S58: Group 1.1b-Nitrososphaera | T58: sequenced | W58: RR_culture_057 | X58: 35 | Z58: 7.8 | AE58: Stationary Phase | AF58: Culture-temperature | AG58: Total GDGTs | AH58: Total GDGTs (Hydrolysed TLEs) | AJ58: NP-UHPLC-APCI-qTOF-MS/MS | AK58: =SUM(Table1[[#This Row],[reported_1302]:[reported_1286_iso]]) -> 89.275976 | AL58: 2.7378983 | AM58: 2.9017823 | AN58: 3.4370447 | AO58: 3.7858467 | AP58: 45.117002 | AQ58: 26.410419 | AR58: 4.8859828 | BA58: =AL58/SUM($AL58:$AQ58) -> 0.0324434 | BB58: =AM58/SUM($AL58:$AQ58) -> 0.034385384 | BC58: =AN58/SUM($AL58:$AQ58) -> 0.040728107 | BD58: =AO58/SUM($AL58:$AQ58) -> 0.044861323 | BE58: =AP58/SUM($AL58:$AQ58) -> 0.53462502 | BF58: =AQ58/SUM($AL58:$AQ58) -> 0.31295676 | BG58: =#N/A -> #N/A | BH58: Culture | BI58: Culture - ThAOA | BJ58: Elling et al. (2017) Environmnental Microbiology | BK58: Data from original source | BL58: Data from original source; assumed GDGT-5 as Cren | BM58: No | BN58: No | BO58: Not reported; Assumed no brGDGTs (Cultures) | BP58: No | BQ58: No | BR58: Pass | BS58: Pass | BT58: Elling et al. (2017) | BU58: Felix | BV58: https://doi.org/10.1111/1462-2920.13759 | BW58: GTDB Release 214.1; NCBI (retrieved from February 21, 2024)
A59: Elling2017_culture_ThAOA_totalGDGTs_Nitrososphaera gargensis Ga9.2_46degC_pH7.8_stationaryPhase | B59: Ga9.2 | C59: Ca. Nitrososphaera gargensis Ga9.2 | D59: =INDEX(Strain_IDs!C:C,MATCH(Table1[[#This Row],[Strains]],Strain_IDs!D:D,0)) -> 15 | E59: p__Thermoproteota | F59: c__Nitrososphaeria | G59: o__Nitrososphaerales | H59: f__Nitrososphaeraceae | I59: g__Nitrososphaera | K59: p__Nitrososphaerota | L59: c__Nitrososphaeria | M59: o__Nitrososphaerales | N59: f__Nitrososphaeraceae | O59: g__Nitrososphaera | Q59: Terrestrial thermophile | R59: Group 1.1b | S59: Group 1.1b-Nitrososphaera | T59: sequenced | W59: RR_culture_058 | X59: 46 | Z59: 7.8 | AE59: Stationary Phase | AF59: Culture-temperature | AG59: Total GDGTs | AH59: Total GDGTs (Hydrolysed TLEs) | AJ59: NP-UHPLC-APCI-qTOF-MS/MS | AK59: =SUM(Table1[[#This Row],[reported_1302]:[reported_1286_iso]]) -> 93.889151 | AL59: 1.2145376 | AM59: 1.0502701 | AN59: 0.26761463 | AO59: 0.8949832 | AP59: 57.301723 | AQ59: 28.962129 | AR59: 4.1978938 | BA59: =AL59/SUM($AL59:$AQ59) -> 0.013541315 | BB59: =AM59/SUM($AL59:$AQ59) -> 0.011709838 | BC59: =AN59/SUM($AL59:$AQ59) -> 0.0029837315 | BD59: =AO59/SUM($AL59:$AQ59) -> 0.0099784887 | BE59: =AP59/SUM($AL59:$AQ59) -> 0.63887746 | BF59: =AQ59/SUM($AL59:$AQ59) -> 0.32290917 | BG59: =#N/A -> #N/A | BH59: Culture | BI59: Culture - ThAOA | BJ59: Elling et al. (2017) Environmnental Microbiology | BK59: Data from original source | BL59: Data from original source; assumed GDGT-5 as Cren | BM59: No | BN59: No | BO59: Not reported; Assumed no brGDGTs (Cultures) | BP59: No | BQ59: No | BR59: Pass | BS59: Pass | BT59: Elling et al. (2017) | BU59: Felix | BV59: https://doi.org/10.1111/1462-2920.13759 | BW59: GTDB Release 214.1; NCBI (retrieved from February 21, 2024)
A60: Pearson2008_026_Pure Cultures-Acidilobus aceticus 1904_T82_pH3.5 | B60: 1904 | C60: Acidilobus aceticus 1904 | D60: =INDEX(Strain_IDs!C:C,MATCH(Table1[[#This Row],[Strains]],Strain_IDs!D:D,0)) -> 25.1 | E60: p__Thermoproteota | F60: c__Thermoprotei_A | G60: o__Sulfolobales | H60: f__Acidilobaceae | I60: g__Acidilobus | J60: s__Acidolobus aceticus | K60: p__Thermoproteota | L60: c__Thermoprotei | M60: o__Acidilobales | N60: f__Acidilobaceae | O60: g__Acidilobus | P60: s__Acidolobus aceticus | Q60: Terrestrial thermoacidophile | R60: Acidilobaceae | S60: Acidilobaceae | T60: sequenced | U60: acidic hot spring | V60: Katchatka | W60: RR_culture_059 | X60: 82 | Z60: 3.5 | AF60: Culture-temperature | AG60: Total GDGTs | AH60: Total GDGTs; Acid hydrolyzed TLEs (CLs + cleaved IPLs) | AJ60: NP-HPLC-APCI-Single Quad-MS | AK60: =SUM(Table1[[#This Row],[reported_1302]:[reported_1286_iso]]) -> 1 | AL60: 0.2 | AM60: 0 | AN60: 0 | AO60: 0 | AP60: 0 | AQ60: 0 | AR60: 0.34 | AS60: 0 | AV60: 0.46 | AW60: 0 | AX60: 0 | BA60: =AL60/SUM($AL60:$AQ60) -> 1 | BB60: =AM60/SUM($AL60:$AQ60) -> 0 | BC60: =AN60/SUM($AL60:$AQ60) -> 0 | BD60: =AO60/SUM($AL60:$AQ60) -> 0 | BE60: =AP60/SUM($AL60:$AQ60) -> 0 | BF60: =AQ60/SUM($AL60:$AQ60) -> 0 | BG60: =#N/A -> #N/A | BH60: Culture | BI60: Culture - Hot spring | BJ60: Pearson et al. (2008) Applied and Environmental Microbiology | BK60: Data from original source | BL60: Data from original source | BM60: No | BN60: No | BO60: Not reported; assumed low (discussed in text) | BP60: Yes | BQ60: Yes | BR60: Fail | BS60: Fail | BT60: Pearson et al. (2008) | BU60: Ann | BV60: https://doi.org/10.1128/AEM.02450-07 | BW60: GTDB Release 214.1; NCBI (retrieved from February 21, 2024)
A61: Pearson2008_027_Pure Cultures-Acidilobus saccharovorans 345-15_T82_pH3.5 | B61: 345-15 | C61: Acidilobus saccharovorans 345-15 | D61: =INDEX(Strain_IDs!C:C,MATCH(Table1[[#This Row],[Strains]],Strain_IDs!D:D,0)) -> 21 | E61: p__Thermoproteota | F61: c__Thermoprotei_A | G61: o__Sulfolobales | H61: f__Acidilobaceae | I61: g__Acidilobus | J61: s_Acidilobus saccharovorans | K61: p__Thermoproteota | L61: c__Thermoprotei | M61: o__Acidilobales | N61: f__Acidilobaceae | O61: g__Acidilobus | P61: s_Acidilobus saccharovorans | Q61: Terrestrial thermoacidophile | R61: Acidilobaceae | S61: Acidilobaceae | T61: sequenced | U61: mixture of water and mud from an acidic terrestrial hot pool | V61: Katchatka, Orange Thermal Field | W61: RR_culture_060 | X61: 82 | Z61: 3.5 | AF61: Culture-temperature | AG61: Total GDGTs | AH61: Total GDGTs; Acid hydrolyzed TLEs (CLs + cleaved IPLs) | AJ61: NP-HPLC-APCI-Single Quad-MS | AK61: =SUM(Table1[[#This Row],[reported_1302]:[reported_1286_iso]]) -> 1 | AL61: 0 | AM61: 0 | AN61: 0 | AO61: 0.01 | AP61: 0 | AQ61: 0 | AR61: 0.14 | AS61: 0.54 | AV61: 0.27 | AW61: 0.02 | AX61: 0.02 | BA61: =AL61/SUM($AL61:$AQ61) -> 0 | BB61: =AM61/SUM($AL61:$AQ61) -> 0 | BC61: =AN61/SUM($AL61:$AQ61) -> 0 | BD61: =AO61/SUM($AL61:$AQ61) -> 1 | BE61: =AP61/SUM($AL61:$AQ61) -> 0 | BF61: =AQ61/SUM($AL61:$AQ61) -> 0 | BG61: =#N/A -> #N/A | BH61: Culture | BI61: Culture - Hot spring | BJ61: Pearson et al. (2008) Applied and Environmental Microbiology | BK61: Data from original source | BL61: Data from original source | BM61: No | BN61: No | BO61: Not reported; assumed low (discussed in text) | BP61: =#DIV/0! -> #DIV/0! | BQ61: Yes | BR61: =#DIV/0! -> #DIV/0! | BS61: Fail | BT61: Pearson et al. (2008) | BU61: Ann | BV61: https://doi.org/10.1128/AEM.02450-07 | BW61: GTDB Release 214.1; NCBI (retrieved from February 21, 2024)
A62: Pearson2008_028_Pure Cultures-Metallosphaera sedula DSM 5348_T75_[H4.5 | B62: DSM 5348 | C62: Metallosphaera sedula DSM 5348 | D62: =INDEX(Strain_IDs!C:C,MATCH(Table1[[#This Row],[Strains]],Strain_IDs!D:D,0)) -> 18 | E62: p__Thermoproteota | F62: c__Thermoprotei_A | G62: o__Sulfolobales | H62: f__Sulfolobaceae | I62: g__Metallosphaera | K62: p__Thermoproteota | L62: c__Thermoprotei | M62: o__Sulfolobales | N62: f__Sulfolobaceae | O62: g__Metallosphaera | Q62: Terrestrial thermoacidophile | R62: Sulfolobaceae | S62: Sulfolobaceae | T62: sequenced | W62: RR_culture_061 | X62: 75 | Z62: 4.5 | AF62: Culture-temperature | AG62: Total GDGTs | AH62: Total GDGTs; Acid hydrolyzed TLEs (CLs + cleaved IPLs) | AJ62: NP-HPLC-APCI-Single Quad-MS | AK62: =SUM(Table1[[#This Row],[reported_1302]:[reported_1286_iso]]) -> 1 | AL62: 0.07 | AM62: 0.15 | AN62: 0.23 | AO62: 0.25 | AP62: 0 | AQ62: 0 | AR62: 0.26 | AS62: 0 | AV62: 0.04 | AW62: 0 | AX62: 0 | BA62: =AL62/SUM($AL62:$AQ62) -> 0.1 | BB62: =AM62/SUM($AL62:$AQ62) -> 0.21428571 | BC62: =AN62/SUM($AL62:$AQ62) -> 0.32857143 | BD62: =AO62/SUM($AL62:$AQ62) -> 0.35714286 | BE62: =AP62/SUM($AL62:$AQ62) -> 0 | BF62: =AQ62/SUM($AL62:$AQ62) -> 0 | BG62: =#N/A -> #N/A | BH62: Culture | BI62: Culture - Hot spring | BJ62: Pearson et al. (2008) Applied and Environmental Microbiology | BK62: Data from original source | BL62: Data from original source | BM62: No | BN62: No | BO62: Not reported; assumed low (discussed in text) | BP62: Yes | BQ62: Yes | BR62: Fail | BS62: Fail | BT62: Pearson et al. (2008) | BU62: Ann | BV62: https://doi.org/10.1128/AEM.02450-07 | BW62: GTDB Release 214.1; NCBI (retrieved from February 21, 2024)
A63: Pearson2008_029_Pure Cultures-Sulfolobus solfataricus P2_T85_pH4.5 | B63: P2 | C63: Sulfolobus solfataricus P2 | D63: =INDEX(Strain_IDs!C:C,MATCH(Table1[[#This Row],[Strains]],Strain_IDs!D:D,0)) -> 19 | E63: p__Thermoproteota | F63: c__Thermoprotei_A | G63: o__Sulfolobales | H63: f__Sulfolobaceae | I63: g__Saccharolobus | K63: p__Thermoproteota | L63: c__Thermoprotei | M63: o__Sulfolobales | N63: f__Sulfolobaceae | O63: g__Saccharolobus | Q63: Terrestrial thermoacidophile | R63: Sulfolobaceae | S63: Sulfolobaceae | T63: sequenced | W63: RR_culture_062 | X63: 85 | Z63: 4.5 | AF63: Culture-temperature | AG63: Total GDGTs | AH63: Total GDGTs; Acid hydrolyzed TLEs (CLs + cleaved IPLs) | AJ63: NP-HPLC-APCI-Single Quad-MS | AK63: =SUM(Table1[[#This Row],[reported_1302]:[reported_1286_iso]]) -> 1 | AL63: 0 | AM63: 0.01 | AN63: 0.04 | AO63: 0.14 | AP63: 0 | AQ63: 0 | AR63: 0.31 | AS63: 0.15 | AV63: 0.27 | AW63: 0.08 | AX63: 0 | BA63: =AL63/SUM($AL63:$AQ63) -> 0 | BB63: =AM63/SUM($AL63:$AQ63) -> 0.052631579 | BC63: =AN63/SUM($AL63:$AQ63) -> 0.21052632 | BD63: =AO63/SUM($AL63:$AQ63) -> 0.73684211 | BE63: =AP63/SUM($AL63:$AQ63) -> 0 | BF63: =AQ63/SUM($AL63:$AQ63) -> 0 | BG63: =#N/A -> #N/A | BH63: Culture | BI63: Culture - Hot spring | BJ63: Pearson et al. (2008) Applied and Environmental Microbiology | BK63: Data from original source | BL63: Data from original source | BM63: No | BN63: No | BO63: Not reported; assumed low (discussed in text) | BP63: =#DIV/0! -> #DIV/0! | BQ63: Yes | BR63: =#DIV/0! -> #DIV/0! | BS63: Fail | BT63: Pearson et al. (2008) | BU63: Ann | BV63: https://doi.org/10.1128/AEM.02450-07 | BW63: GTDB Release 214.1; NCBI (retrieved from February 21, 2024)
A64: Pearson2008_030_Pure Cultures-Vulcanisaeta moutnovskia 768-28_T85_pH4.5 | B64: 768-28 | C64: Vulcanisaeta moutnovskia 768-28 | D64: =INDEX(Strain_IDs!C:C,MATCH(Table1[[#This Row],[Strains]],Strain_IDs!D:D,0)) -> 23 | E64: p__Thermoproteota | F64: c__Thermoprotei | G64: o__Thermoproteales | H64: f__Thermocladiaceae | I64: g__Vulcanisaeta | K64: p__Thermoproteota | L64: c__Thermoprotei | M64: o__Thermoproteales | N64: f__Thermoproteaceae | O64: g__Vulcanisaeta | Q64: Terrestrial hyperthermophilic | R64: Thermoproteaceae | S64: Thermoproteaceae | T64: sequenced | W64: RR_culture_063 | X64: 85 | Z64: 4.5 | AF64: Culture-temperature | AG64: Total GDGTs | AH64: Total GDGTs; Acid hydrolyzed TLEs (CLs + cleaved IPLs) | AJ64: NP-HPLC-APCI-Single Quad-MS | AK64: =SUM(Table1[[#This Row],[reported_1302]:[reported_1286_iso]]) -> 1 | AL64: 0.04 | AM64: 0.03 | AN64: 0.06 | AO64: 0.14 | AP64: 0 | AQ64: 0 | AR64: 0.54 | AS64: 0.02 | AV64: 0.15 | AW64: 0 | AX64: 0.02 | BA64: =AL64/SUM($AL64:$AQ64) -> 0.14814815 | BB64: =AM64/SUM($AL64:$AQ64) -> 0.11111111 | BC64: =AN64/SUM($AL64:$AQ64) -> 0.22222222 | BD64: =AO64/SUM($AL64:$AQ64) -> 0.51851852 | BE64: =AP64/SUM($AL64:$AQ64) -> 0 | BF64: =AQ64/SUM($AL64:$AQ64) -> 0 | BG64: =#N/A -> #N/A | BH64: Culture | BI64: Culture - Hot spring | BJ64: Pearson et al. (2008) Applied and Environmental Microbiology | BK64: Data from original source | BL64: Data from original source | BM64: No | BN64: No | BO64: Not reported; assumed low (discussed in text) | BP64: Yes | BQ64: Yes | BR64: Fail | BS64: Fail | BT64: Pearson et al. (2008) | BU64: Ann | BV64: https://doi.org/10.1128/AEM.02450-07 | BW64: GTDB Release 214.1; NCBI (retrieved from February 21, 2024)
A65: Pearson2008_034_Pure Cultures-Thermoproteus uzoniensis Z-605_T85_5.5 | B65: DSM 5263; Z-605 (768-20) | C65: Thermoproteus uzoniensis Z-605 | D65: =INDEX(Strain_IDs!C:C,MATCH(Table1[[#This Row],[Strains]],Strain_IDs!D:D,0)) -> 22 | E65: p__Thermoproteota | F65: c__Thermoprotei | G65: o__Thermoproteales | H65: f__Thermoproteaceae | I65: g__Thermoproteus | K65: p__Thermoproteota | L65: c__Thermoprotei | M65: o__Thermoproteales | N65: f__Thermoproteaceae | O65: g__Thermoproteus | Q65: Terrestrial thermoacidophile | R65: Thermoproteaceae | S65: Thermoproteaceae | T65: sequenced | W65: RR_culture_064 | X65: 85 | Z65: 5.5 | AF65: Culture-temperature | AG65: Total GDGTs | AH65: Total GDGTs; Acid hydrolyzed TLEs (CLs + cleaved IPLs) | AJ65: NP-HPLC-APCI-Single Quad-MS | AK65: =SUM(Table1[[#This Row],[reported_1302]:[reported_1286_iso]]) -> 1 | AL65: 0.05 | AM65: 0.02 | AN65: 0.06 | AO65: 0.08 | AP65: 0 | AQ65: 0 | AR65: 0.62 | AS65: 0.02 | AV65: 0.15 | AW65: 0 | AX65: 0 | BA65: =AL65/SUM($AL65:$AQ65) -> 0.23809524 | BB65: =AM65/SUM($AL65:$AQ65) -> 0.095238095 | BC65: =AN65/SUM($AL65:$AQ65) -> 0.28571429 | BD65: =AO65/SUM($AL65:$AQ65) -> 0.38095238 | BE65: =AP65/SUM($AL65:$AQ65) -> 0 | BF65: =AQ65/SUM($AL65:$AQ65) -> 0 | BG65: =#N/A -> #N/A | BH65: Culture | BI65: Culture - Hot spring | BJ65: Pearson et al. (2008) Applied and Environmental Microbiology | BK65: Data from original source | BL65: Data from original source | BM65: No | BN65: No | BO65: Not reported; assumed low (discussed in text) | BP65: Yes | BQ65: Yes | BR65: Fail | BS65: Fail | BT65: Pearson et al. (2008) | BU65: Ann | BV65: https://doi.org/10.1128/AEM.02450-07 | BW65: GTDB Release 214.1; NCBI (retrieved from February 21, 2024)
A66: Pearson2008_032_Pure Cultures-Desulfurococcus fermentans Z-1312_T85_pH6.0 | B66: DSM 16532 | C66: Desulfurococcus amylolyticus DSM 16532 | D66: =INDEX(Strain_IDs!C:C,MATCH(Table1[[#This Row],[Strains]],Strain_IDs!D:D,0)) -> 20 | E66: p__Thermoproteota | F66: c__Thermoprotei_A | G66: o__Sulfolobales | H66: f__Desulfurococcaceae | I66: g__Desulfurococcus | K66: p__Thermoproteota | L66: c__Thermoprotei | M66: o__Desulfurococcales | N66: f__Desulfurococcaceae | O66: g__Desulfurococcus | Q66: Terrestrial hyperthermophilic | R66: Desulfurococcaceae | S66: Desulfurococcaceae | T66: sequenced | W66: RR_culture_065 | X66: 85 | Z66: 6 | AF66: Culture-temperature | AG66: Total GDGTs | AH66: Total GDGTs; Acid hydrolyzed TLEs (CLs + cleaved IPLs) | AJ66: NP-HPLC-APCI-Single Quad-MS | AK66: =SUM(Table1[[#This Row],[reported_1302]:[reported_1286_iso]]) -> 1 | AL66: 0.09 | AM66: 0.1 | AN66: 0.19 | AO66: 0.3 | AP66: 0 | AQ66: 0 | AR66: 0.32 | AS66: 0 | AV66: 0 | AW66: 0 | AX66: 0 | BA66: =AL66/SUM($AL66:$AQ66) -> 0.13235294 | BB66: =AM66/SUM($AL66:$AQ66) -> 0.14705882 | BC66: =AN66/SUM($AL66:$AQ66) -> 0.27941176 | BD66: =AO66/SUM($AL66:$AQ66) -> 0.44117647 | BE66: =AP66/SUM($AL66:$AQ66) -> 0 | BF66: =AQ66/SUM($AL66:$AQ66) -> 0 | BG66: =#N/A -> #N/A | BH66: Culture | BI66: Culture - Hot spring | BJ66: Pearson et al. (2008) Applied and Environmental Microbiology | BK66: Data from original source | BL66: Data from original source | BM66: No | BN66: No | BO66: Not reported; assumed low (discussed in text) | BP66: Yes | BQ66: Yes | BR66: Fail | BS66: Fail | BT66: Pearson et al. (2008) | BU66: Ann | BV66: https://doi.org/10.1128/AEM.02450-07 | BW66: GTDB Release 214.1; NCBI (retrieved from February 21, 2024)
A67: Pearson2008_033_Pure Cultures-Desulfurococcus amylolyticus Z-533_T85_6.5 | B67: Z-533 (or DSM 3822) | C67: Desulfurococcus amylolyticus Z-533 | D67: =INDEX(Strain_IDs!C:C,MATCH(Table1[[#This Row],[Strains]],Strain_IDs!D:D,0)) -> 20 | E67: p__Thermoproteota | F67: c__Thermoprotei_A | G67: o__Sulfolobales | H67: f__Desulfurococcaceae | I67: g__Desulfurococcus | K67: p__Thermoproteota | L67: c__Thermoprotei | M67: o__Desulfurococcales | N67: f__Desulfurococcaceae | O67: g__Desulfurococcus | Q67: Terrestrial hyperthermophilic | R67: Desulfurococcaceae | S67: Desulfurococcaceae | T67: sequenced | W67: RR_culture_066 | X67: 85 | Z67: 6.5 | AF67: Culture-temperature | AG67: Total GDGTs | AH67: Total GDGTs; Acid hydrolyzed TLEs (CLs + cleaved IPLs) | AJ67: NP-HPLC-APCI-Single Quad-MS | AK67: =SUM(Table1[[#This Row],[reported_1302]:[reported_1286_iso]]) -> 1 | AL67: 0.08 | AM67: 0.06 | AN67: 0.11 | AO67: 0.2 | AP67: 0 | AQ67: 0 | AR67: 0.55 | AS67: 0 | AV67: 0 | AW67: 0 | AX67: 0 | BA67: =AL67/SUM($AL67:$AQ67) -> 0.17777778 | BB67: =AM67/SUM($AL67:$AQ67) -> 0.13333333 | BC67: =AN67/SUM($AL67:$AQ67) -> 0.24444444 | BD67: =AO67/SUM($AL67:$AQ67) -> 0.44444444 | BE67: =AP67/SUM($AL67:$AQ67) -> 0 | BF67: =AQ67/SUM($AL67:$AQ67) -> 0 | BG67: =#N/A -> #N/A | BH67: Culture | BI67: Culture - Hot spring | BJ67: Pearson et al. (2008) Applied and Environmental Microbiology | BK67: Data from original source | BL67: Data from original source | BM67: No | BN67: No | BO67: Not reported; assumed low (discussed in text) | BP67: Yes | BQ67: Yes | BR67: Fail | BS67: Fail | BT67: Pearson et al. (2008) | BU67: Ann | BV67: https://doi.org/10.1128/AEM.02450-07 | BW67: GTDB Release 214.1; NCBI (retrieved from February 21, 2024)
A68: Pitcher2010_001_ThAOA cultures-Ca. Nitrososphaera gargensis-Ga9.2_46a | B68: Ga9.2 | C68: Ca. Nitrososphaera gargensis Ga9.2 | D68: =INDEX(Strain_IDs!C:C,MATCH(Table1[[#This Row],[Strains]],Strain_IDs!D:D,0)) -> 15 | E68: p__Thermoproteota | F68: c__Nitrososphaeria | G68: o__Nitrososphaerales | H68: f__Nitrososphaeraceae | I68: g__Nitrososphaera | K68: p__Nitrososphaerota | L68: c__Nitrososphaeria | M68: o__Nitrososphaerales | N68: f__Nitrososphaeraceae | O68: g__Nitrososphaera | Q68: Terrestrial thermophile | R68: Group 1.1b | S68: Group 1.1b-Nitrososphaera | T68: sequenced | W68: RR_culture_067 | X68: 46 | Z68: 7.8 | AF68: Culture-temperature | AG68: Total GDGTs | AH68: Total GDGTs; Acid hydrolyzed TLEs (CLs + cleaved IPLs) | AJ68: NP-HPLC-APCI-Single Quad-MS | AK68: =SUM(Table1[[#This Row],[reported_1302]:[reported_1286_iso]]) -> 88.89 | AL68: 0.1 | AM68: 0.12 | AN68: 0.15 | AO68: 0.32 | AP68: 65 | AQ68: 21 | AR68: 2.2 | BA68: =AL68/SUM($AL68:$AQ68) -> 0.0011535356 | BB68: =AM68/SUM($AL68:$AQ68) -> 0.0013842427 | BC68: =AN68/SUM($AL68:$AQ68) -> 0.0017303034 | BD68: =AO68/SUM($AL68:$AQ68) -> 0.0036913139 | BE68: =AP68/SUM($AL68:$AQ68) -> 0.74979813 | BF68: =AQ68/SUM($AL68:$AQ68) -> 0.24224247 | BG68: =#N/A -> #N/A | BH68: Culture | BI68: Culture - ThAOA | BJ68: Pitcher et al. (2010) ISME | BK68: Data from original source | BL68: Data from original source | BM68: No | BN68: No | BO68: Not reported | BP68: No | BQ68: No | BR68: Pass | BS68: Pass | BT68: Pitcher et al. (2010) | BU68: Angela | BV68: https://doi.org/10.1038/ismej.2009.138 | BW68: GTDB Release 214.1; NCBI (retrieved from February 21, 2024)
A69: Pitcher2010_002_ThAOA cultures-Ca. Nitrososphaera gargensis-Ga9.2_42 | B69: Ga9.2 | C69: Ca. Nitrososphaera gargensis Ga9.2 | D69: =INDEX(Strain_IDs!C:C,MATCH(Table1[[#This Row],[Strains]],Strain_IDs!D:D,0)) -> 15 | E69: p__Thermoproteota | F69: c__Nitrososphaeria | G69: o__Nitrososphaerales | H69: f__Nitrososphaeraceae | I69: g__Nitrososphaera | K69: p__Nitrososphaerota | L69: c__Nitrososphaeria | M69: o__Nitrososphaerales | N69: f__Nitrososphaeraceae | O69: g__Nitrososphaera | Q69: Terrestrial thermophile | R69: Group 1.1b | S69: Group 1.1b-Nitrososphaera | T69: sequenced | W69: RR_culture_068 | X69: 42 | Z69: 7.8 | AF69: Culture-temperature | AG69: Total GDGTs | AH69: Total GDGTs; Acid hydrolyzed TLEs (CLs + cleaved IPLs) | AJ69: NP-HPLC-APCI-Single Quad-MS | AK69: =SUM(Table1[[#This Row],[reported_1302]:[reported_1286_iso]]) -> 96.27 | AL69: 0.32 | AM69: 0.38 | AN69: 0.47 | AO69: 1 | AP69: 69 | AQ69: 24 | AR69: 1.1 | BA69: =AL69/SUM($AL69:$AQ69) -> 0.0033624041 | BB69: =AM69/SUM($AL69:$AQ69) -> 0.0039928549 | BC69: =AN69/SUM($AL69:$AQ69) -> 0.004938531 | BD69: =AO69/SUM($AL69:$AQ69) -> 0.010507513 | BE69: =AP69/SUM($AL69:$AQ69) -> 0.72501839 | BF69: =AQ69/SUM($AL69:$AQ69) -> 0.25218031 | BG69: =#N/A -> #N/A | BH69: Culture | BI69: Culture - ThAOA | BJ69: Pitcher et al. (2010) ISME | BK69: Data from original source | BL69: Data from original source | BM69: No | BN69: No | BO69: Not reported | BP69: No | BQ69: No | BR69: Pass | BS69: Pass | BT69: Pitcher et al. (2010) | BU69: Angela | BV69: https://doi.org/10.1038/ismej.2009.138 | BW69: GTDB Release 214.1; NCBI (retrieved from February 21, 2024)
A70: Pitcher2010_003_ThAOA cultures-Ca. Nitrososphaera gargensis-Ga9.2_50 | B70: Ga9.2 | C70: Ca. Nitrososphaera gargensis Ga9.2 | D70: =INDEX(Strain_IDs!C:C,MATCH(Table1[[#This Row],[Strains]],Strain_IDs!D:D,0)) -> 15 | E70: p__Thermoproteota | F70: c__Nitrososphaeria | G70: o__Nitrososphaerales | H70: f__Nitrososphaeraceae | I70: g__Nitrososphaera | K70: p__Nitrososphaerota | L70: c__Nitrososphaeria | M70: o__Nitrososphaerales | N70: f__Nitrososphaeraceae | O70: g__Nitrososphaera | Q70: Terrestrial thermophile | R70: Group 1.1b | S70: Group 1.1b-Nitrososphaera | T70: sequenced | W70: RR_culture_069 | X70: 50 | Z70: 7.8 | AF70: Culture-temperature | AG70: Total GDGTs | AH70: Total GDGTs; Acid hydrolyzed TLEs (CLs + cleaved IPLs) | AJ70: NP-HPLC-APCI-Single Quad-MS | AK70: =SUM(Table1[[#This Row],[reported_1302]:[reported_1286_iso]]) -> 93.28 | AL70: 0.1 | AM70: 0.13 | AN70: 0.17 | AO70: 0.38 | AP70: 70 | AQ70: 21 | AR70: 1.5 | BA70: =AL70/SUM($AL70:$AQ70) -> 0.001089562 | BB70: =AM70/SUM($AL70:$AQ70) -> 0.0014164306 | BC70: =AN70/SUM($AL70:$AQ70) -> 0.0018522554 | BD70: =AO70/SUM($AL70:$AQ70) -> 0.0041403356 | BE70: =AP70/SUM($AL70:$AQ70) -> 0.7626934 | BF70: =AQ70/SUM($AL70:$AQ70) -> 0.22880802 | BG70: =#N/A -> #N/A | BH70: Culture | BI70: Culture - ThAOA | BJ70: Pitcher et al. (2010) ISME | BK70: Data from original source | BL70: Data from original source | BM70: No | BN70: No | BO70: Not reported | BP70: No | BQ70: No | BR70: Pass | BS70: Pass | BT70: Pitcher et al. (2010) | BU70: Angela | BV70: https://doi.org/10.1038/ismej.2009.138 | BW70: GTDB Release 214.1; NCBI (retrieved from February 21, 2024)
A71: Pitcher2010_004_ThAOA cultures-Ca. Nitrososphaera gargensis-Ga9.2_46 | B71: Ga9.2 | C71: Ca. Nitrososphaera gargensis Ga9.2 | D71: =INDEX(Strain_IDs!C:C,MATCH(Table1[[#This Row],[Strains]],Strain_IDs!D:D,0)) -> 15 | E71: p__Thermoproteota | F71: c__Nitrososphaeria | G71: o__Nitrososphaerales | H71: f__Nitrososphaeraceae | I71: g__Nitrososphaera | K71: p__Nitrososphaerota | L71: c__Nitrososphaeria | M71: o__Nitrososphaerales | N71: f__Nitrososphaeraceae | O71: g__Nitrososphaera | Q71: Terrestrial thermophile | R71: Group 1.1b | S71: Group 1.1b-Nitrososphaera | T71: sequenced | W71: RR_culture_070 | X71: 46 | Z71: 7.8 | AF71: Culture-temperature | AG71: Total GDGTs | AH71: Total GDGTs; Acid hydrolyzed TLEs (CLs + cleaved IPLs) | AJ71: NP-HPLC-APCI-Single Quad-MS | AK71: =SUM(Table1[[#This Row],[reported_1302]:[reported_1286_iso]]) -> 86.81 | AL71: 0.12 | AM71: 0.14 | AN71: 0.17 | AO71: 0.38 | AP71: 65 | AQ71: 19 | AR71: 2 | BA71: =AL71/SUM($AL71:$AQ71) -> 0.0014149275 | BB71: =AM71/SUM($AL71:$AQ71) -> 0.0016507487 | BC71: =AN71/SUM($AL71:$AQ71) -> 0.0020044806 | BD71: =AO71/SUM($AL71:$AQ71) -> 0.0044806037 | BE71: =AP71/SUM($AL71:$AQ71) -> 0.76641905 | BF71: =AQ71/SUM($AL71:$AQ71) -> 0.22403019 | BG71: =#N/A -> #N/A | BH71: Culture | BI71: Culture - ThAOA | BJ71: Pitcher et al. (2010) ISME | BK71: Data from original source | BL71: Data from original source | BM71: No | BN71: No | BO71: Not reported | BP71: No | BQ71: No | BR71: Pass | BS71: Pass | BT71: Pitcher et al. (2010) | BU71: Angela | BV71: https://doi.org/10.1038/ismej.2009.138 | BW71: GTDB Release 214.1; NCBI (retrieved from February 21, 2024)
A72: Qin2015_001_Nitrosopumilus maritimus SCM1_Culture_T15 | B72: SCM1 | C72: Nitrosopumilus maritimus SCM1 | D72: =INDEX(Strain_IDs!C:C,MATCH(Table1[[#This Row],[Strains]],Strain_IDs!D:D,0)) -> 7 | E72: p__Thermoproteota | F72: c__Nitrososphaeria | G72: o__Nitrososphaerales | H72: f__Nitrosopumilaceae | I72: g__Nitrosopumilus | J72: s__Nitrosopumilus maritimus | K72: p__Nitrososphaerota | L72: c__Nitrososphaeria | M72: o__Nitrosopumilales | N72: f__Nitrosopumilaceae | O72: g__Nitrosopumilus | P72: s__Nitrosopumilus maritimus | Q72: Marine mesophile | R72: Group 1.1a | S72: Group 1.1a-Nitrosopumilus | T72: sequenced | U72: a tropical marine fish tank at the Seattle Aquarium in Seattle | V72: Washington | W72: RR_culture_071 | X72: 15 | AF72: Culture-temperature | AG72: Total GDGTs | AH72: Total GDGTs; Acid hydrolyzed TLEs (CLs + cleaved IPLs) | AI72: 0.22 | AJ72: NP-HPLC-APCI-Ion Trap-MS | AK72: =SUM(Table1[[#This Row],[reported_1302]:[reported_1286_iso]]) -> 100 | AL72: 27.86 | AM72: 15.47 | AN72: 8.57 | AO72: 4.28 | AP72: 43.67 | AQ72: 0.15 | BA72: =AL72/SUM($AL72:$AQ72) -> 0.2786 | BB72: =AM72/SUM($AL72:$AQ72) -> 0.1547 | BC72: =AN72/SUM($AL72:$AQ72) -> 0.0857 | BD72: =AO72/SUM($AL72:$AQ72) -> 0.0428 | BE72: =AP72/SUM($AL72:$AQ72) -> 0.4367 | BF72: =AQ72/SUM($AL72:$AQ72) -> 0.0015 | BG72: =#N/A -> #N/A | BH72: Culture | BI72: Culture - AOA | BJ72: Qin et al. (2015) PNAS | BK72: Data from original source | BL72: Data from original source | BM72: No | BN72: No | BO72: Not reported | BP72: No | BQ72: No | BR72: Pass | BS72: Pass | BT72: Qin et al. (2015) | BU72: Wei | BV72: https://doi.org/10.1073/pnas.1501568112 | BW72: GTDB Release 214.1; NCBI (retrieved from February 21, 2024)
A73: Qin2015_002_Nitrosopumilus maritimus SCM1_Culture_T20 | B73: SCM1 | C73: Nitrosopumilus maritimus SCM1 | D73: =INDEX(Strain_IDs!C:C,MATCH(Table1[[#This Row],[Strains]],Strain_IDs!D:D,0)) -> 7 | E73: p__Thermoproteota | F73: c__Nitrososphaeria | G73: o__Nitrososphaerales | H73: f__Nitrosopumilaceae | I73: g__Nitrosopumilus | J73: s__Nitrosopumilus maritimus | K73: p__Nitrososphaerota | L73: c__Nitrososphaeria | M73: o__Nitrosopumilales | N73: f__Nitrosopumilaceae | O73: g__Nitrosopumilus | P73: s__Nitrosopumilus maritimus | Q73: Marine mesophile | R73: Group 1.1a | S73: Group 1.1a-Nitrosopumilus | T73: sequenced | U73: a tropical marine fish tank at the Seattle Aquarium in Seattle | V73: Washington | W73: RR_culture_072 | X73: 20 | AF73: Culture-temperature | AG73: Total GDGTs | AH73: Total GDGTs; Acid hydrolyzed TLEs (CLs + cleaved IPLs) | AI73: 0.22 | AJ73: NP-HPLC-APCI-Ion Trap-MS | AK73: =SUM(Table1[[#This Row],[reported_1302]:[reported_1286_iso]]) -> 100 | AL73: 22.76 | AM73: 13.91 | AN73: 10.84 | AO73: 4.26 | AP73: 47.99 | AQ73: 0.24 | BA73: =AL73/SUM($AL73:$AQ73) -> 0.2276 | BB73: =AM73/SUM($AL73:$AQ73) -> 0.1391 | BC73: =AN73/SUM($AL73:$AQ73) -> 0.1084 | BD73: =AO73/SUM($AL73:$AQ73) -> 0.0426 | BE73: =AP73/SUM($AL73:$AQ73) -> 0.4799 | BF73: =AQ73/SUM($AL73:$AQ73) -> 0.0024 | BG73: =#N/A -> #N/A | BH73: Culture | BI73: Culture - AOA | BJ73: Qin et al. (2015) PNAS | BK73: Data from original source | BL73: Data from original source | BM73: No | BN73: No | BO73: Not reported | BP73: No | BQ73: No | BR73: Pass | BS73: Pass | BT73: Qin et al. (2015) | BU73: Wei | BV73: https://doi.org/10.1073/pnas.1501568112 | BW73: GTDB Release 214.1; NCBI (retrieved from February 21, 2024)
A74: Qin2015_003_Nitrosopumilus maritimus SCM1_Culture_T25 | B74: SCM1 | C74: Nitrosopumilus maritimus SCM1 | D74: =INDEX(Strain_IDs!C:C,MATCH(Table1[[#This Row],[Strains]],Strain_IDs!D:D,0)) -> 7 | E74: p__Thermoproteota | F74: c__Nitrososphaeria | G74: o__Nitrososphaerales | H74: f__Nitrosopumilaceae | I74: g__Nitrosopumilus | J74: s__Nitrosopumilus maritimus | K74: p__Nitrososphaerota | L74: c__Nitrososphaeria | M74: o__Nitrosopumilales | N74: f__Nitrosopumilaceae | O74: g__Nitrosopumilus | P74: s__Nitrosopumilus maritimus | Q74: Marine mesophile | R74: Group 1.1a | S74: Group 1.1a-Nitrosopumilus | T74: sequenced | U74: a tropical marine fish tank at the Seattle Aquarium in Seattle | V74: Washington | W74: RR_culture_073 | X74: 25 | AF74: Culture-temperature | AG74: Total GDGTs | AH74: Total GDGTs; Acid hydrolyzed TLEs (CLs + cleaved IPLs) | AI74: 0.22 | AJ74: NP-HPLC-APCI-Ion Trap-MS | AK74: =SUM(Table1[[#This Row],[reported_1302]:[reported_1286_iso]]) -> 100 | AL74: 21.62 | AM74: 12.02 | AN74: 7.32 | AO74: 4.76 | AP74: 53.91 | AQ74: 0.37 | BA74: =AL74/SUM($AL74:$AQ74) -> 0.2162 | BB74: =AM74/SUM($AL74:$AQ74) -> 0.1202 | BC74: =AN74/SUM($AL74:$AQ74) -> 0.0732 | BD74: =AO74/SUM($AL74:$AQ74) -> 0.0476 | BE74: =AP74/SUM($AL74:$AQ74) -> 0.5391 | BF74: =AQ74/SUM($AL74:$AQ74) -> 0.0037 | BG74: =#N/A -> #N/A | BH74: Culture | BI74: Culture - AOA | BJ74: Qin et al. (2015) PNAS | BK74: Data from original source | BL74: Data from original source | BM74: No | BN74: No | BO74: Not reported | BP74: No | BQ74: No | BR74: Pass | BS74: Pass | BT74: Qin et al. (2015) | BU74: Wei | BV74: https://doi.org/10.1073/pnas.1501568112 | BW74: GTDB Release 214.1; NCBI (retrieved from February 21, 2024)
A75: Qin2015_004_Nitrosopumilus maritimus SCM1_Culture_T30 | B75: SCM1 | C75: Nitrosopumilus maritimus SCM1 | D75: =INDEX(Strain_IDs!C:C,MATCH(Table1[[#This Row],[Strains]],Strain_IDs!D:D,0)) -> 7 | E75: p__Thermoproteota | F75: c__Nitrososphaeria | G75: o__Nitrososphaerales | H75: f__Nitrosopumilaceae | I75: g__Nitrosopumilus | J75: s__Nitrosopumilus maritimus | K75: p__Nitrososphaerota | L75: c__Nitrososphaeria | M75: o__Nitrosopumilales | N75: f__Nitrosopumilaceae | O75: g__Nitrosopumilus | P75: s__Nitrosopumilus maritimus | Q75: Marine mesophile | R75: Group 1.1a | S75: Group 1.1a-Nitrosopumilus | T75: sequenced | U75: a tropical marine fish tank at the Seattle Aquarium in Seattle | V75: Washington | W75: RR_culture_074 | X75: 30 | AF75: Culture-temperature | AG75: Total GDGTs | AH75: Total GDGTs; Acid hydrolyzed TLEs (CLs + cleaved IPLs) | AI75: 0.22 | AJ75: NP-HPLC-APCI-Ion Trap-MS | AK75: =SUM(Table1[[#This Row],[reported_1302]:[reported_1286_iso]]) -> 100 | AL75: 13.47 | AM75: 9.63 | AN75: 9.37 | AO75: 4.37 | AP75: 62.58 | AQ75: 0.58 | BA75: =AL75/SUM($AL75:$AQ75) -> 0.1347 | BB75: =AM75/SUM($AL75:$AQ75) -> 0.0963 | BC75: =AN75/SUM($AL75:$AQ75) -> 0.0937 | BD75: =AO75/SUM($AL75:$AQ75) -> 0.0437 | BE75: =AP75/SUM($AL75:$AQ75) -> 0.6258 | BF75: =AQ75/SUM($AL75:$AQ75) -> 0.0058 | BG75: =#N/A -> #N/A | BH75: Culture | BI75: Culture - AOA | BJ75: Qin et al. (2015) PNAS | BK75: Data from original source | BL75: Data from original source | BM75: No | BN75: No | BO75: Not reported | BP75: No | BQ75: No | BR75: Pass | BS75: Pass | BT75: Qin et al. (2015) | BU75: Wei | BV75: https://doi.org/10.1073/pnas.1501568112 | BW75: GTDB Release 214.1; NCBI (retrieved from February 21, 2024)
A76: Qin2015_005_Nitrosopumilus maritimus SCM1_Culture_T33 | B76: SCM1 | C76: Nitrosopumilus maritimus SCM1 | D76: =INDEX(Strain_IDs!C:C,MATCH(Table1[[#This Row],[Strains]],Strain_IDs!D:D,0)) -> 7 | E76: p__Thermoproteota | F76: c__Nitrososphaeria | G76: o__Nitrososphaerales | H76: f__Nitrosopumilaceae | I76: g__Nitrosopumilus | J76: s__Nitrosopumilus maritimus | K76: p__Nitrososphaerota | L76: c__Nitrososphaeria | M76: o__Nitrosopumilales | N76: f__Nitrosopumilaceae | O76: g__Nitrosopumilus | P76: s__Nitrosopumilus maritimus | Q76: Marine mesophile | R76: Group 1.1a | S76: Group 1.1a-Nitrosopumilus | T76: sequenced | U76: a tropical marine fish tank at the Seattle Aquarium in Seattle | V76: Washington | W76: RR_culture_075 | X76: 33 | AF76: Culture-temperature | AG76: Total GDGTs | AH76: Total GDGTs; Acid hydrolyzed TLEs (CLs + cleaved IPLs) | AI76: 0.22 | AJ76: NP-HPLC-APCI-Ion Trap-MS | AK76: =SUM(Table1[[#This Row],[reported_1302]:[reported_1286_iso]]) -> 100 | AL76: 6.04 | AM76: 6.14 | AN76: 11.97 | AO76: 3.56 | AP76: 71.73 | AQ76: 0.56 | BA76: =AL76/SUM($AL76:$AQ76) -> 0.0604 | BB76: =AM76/SUM($AL76:$AQ76) -> 0.0614 | BC76: =AN76/SUM($AL76:$AQ76) -> 0.1197 | BD76: =AO76/SUM($AL76:$AQ76) -> 0.0356 | BE76: =AP76/SUM($AL76:$AQ76) -> 0.7173 | BF76: =AQ76/SUM($AL76:$AQ76) -> 0.0056 | BG76: =#N/A -> #N/A | BH76: Culture | BI76: Culture - AOA | BJ76: Qin et al. (2015) PNAS | BK76: Data from original source | BL76: Data from original source | BM76: No | BN76: No | BO76: Not reported | BP76: No | BQ76: No | BR76: Pass | BS76: Pass | BT76: Qin et al. (2015) | BU76: Wei | BV76: https://doi.org/10.1073/pnas.1501568112 | BW76: GTDB Release 214.1; NCBI (retrieved from February 21, 2024)
A77: Qin2015_006_Nitrosopumilus maritimus SCM1_Culture_T35 | B77: SCM1 | C77: Nitrosopumilus maritimus SCM1 | D77: =INDEX(Strain_IDs!C:C,MATCH(Table1[[#This Row],[Strains]],Strain_IDs!D:D,0)) -> 7 | E77: p__Thermoproteota | F77: c__Nitrososphaeria | G77: o__Nitrososphaerales | H77: f__Nitrosopumilaceae | I77: g__Nitrosopumilus | J77: s__Nitrosopumilus maritimus | K77: p__Nitrososphaerota | L77: c__Nitrososphaeria | M77: o__Nitrosopumilales | N77: f__Nitrosopumilaceae | O77: g__Nitrosopumilus | P77: s__Nitrosopumilus maritimus | Q77: Marine mesophile | R77: Group 1.1a | S77: Group 1.1a-Nitrosopumilus | T77: sequenced | U77: a tropical marine fish tank at the Seattle Aquarium in Seattle | V77: Washington | W77: RR_culture_076 | X77: 35 | AF77: Culture-temperature | AG77: Total GDGTs | AH77: Total GDGTs; Acid hydrolyzed TLEs (CLs + cleaved IPLs) | AI77: 0.22 | AJ77: NP-HPLC-APCI-Ion Trap-MS | AK77: =SUM(Table1[[#This Row],[reported_1302]:[reported_1286_iso]]) -> 99.99 | AL77: 5.78 | AM77: 4.71 | AN77: 11.26 | AO77: 3.49 | AP77: 73.91 | AQ77: 0.84 | BA77: =AL77/SUM($AL77:$AQ77) -> 0.057805781 | BB77: =AM77/SUM($AL77:$AQ77) -> 0.04710471 | BC77: =AN77/SUM($AL77:$AQ77) -> 0.11261126 | BD77: =AO77/SUM($AL77:$AQ77) -> 0.03490349 | BE77: =AP77/SUM($AL77:$AQ77) -> 0.73917392 | BF77: =AQ77/SUM($AL77:$AQ77) -> 0.0084008401 | BG77: =#N/A -> #N/A | BH77: Culture | BI77: Culture - AOA | BJ77: Qin et al. (2015) PNAS | BK77: Data from original source | BL77: Data from original source | BM77: No | BN77: No | BO77: Not reported | BP77: No | BQ77: No | BR77: Pass | BS77: Pass | BT77: Qin et al. (2015) | BU77: Wei | BV77: https://doi.org/10.1073/pnas.1501568112 | BW77: GTDB Release 214.1; NCBI (retrieved from February 21, 2024)
A78: Qin2015_007_Nitrosopumilus cobalaminigenes HCA1_Culture_T10 | B78: HCA1 | C78: Nitrosopumilus cobalaminigenes HCA1 | D78: =INDEX(Strain_IDs!C:C,MATCH(Table1[[#This Row],[Strains]],Strain_IDs!D:D,0)) -> 2 | E78: p__Thermoproteota | F78: c__Nitrososphaeria | G78: o__Nitrososphaerales | H78: f__Nitrosopumilaceae | I78: g__Nitrosopumilus | K78: p__Nitrososphaerota | L78: c__Nitrososphaeria | M78: o__Nitrosopumilales | N78: f__Nitrosopumilaceae | O78: g__Nitrosopumilus | Q78: Marine mesophile | R78: Group 1.1a | S78: Group 1.1a-Nitrosopumilus | T78: sequenced | W78: RR_culture_077 | X78: 10 | AF78: Culture-temperature | AH78: Total GDGTs; Acid hydrolyzed TLEs (CLs + cleaved IPLs) | AI78: 0.22 | AJ78: NP-HPLC-APCI-Ion Trap-MS | AK78: =SUM(Table1[[#This Row],[reported_1302]:[reported_1286_iso]]) -> 100 | AL78: 59.34 | AM78: 4.04 | AN78: 2.09 | AO78: 1.71 | AP78: 32.51 | AQ78: 0.31 | BA78: =AL78/SUM($AL78:$AQ78) -> 0.5934 | BB78: =AM78/SUM($AL78:$AQ78) -> 0.0404 | BC78: =AN78/SUM($AL78:$AQ78) -> 0.0209 | BD78: =AO78/SUM($AL78:$AQ78) -> 0.0171 | BE78: =AP78/SUM($AL78:$AQ78) -> 0.3251 | BF78: =AQ78/SUM($AL78:$AQ78) -> 0.0031 | BG78: =#N/A -> #N/A | BH78: Culture | BI78: Culture - AOA | BJ78: Qin et al. (2015) PNAS | BK78: Data from original source | BL78: Data from original source | BM78: No | BN78: No | BO78: Not reported | BP78: No | BQ78: No | BR78: Pass | BS78: Pass | BT78: Qin et al. (2015) | BU78: Wei | BV78: https://doi.org/10.1073/pnas.1501568112 | BW78: GTDB Release 214.1; NCBI (retrieved from February 21, 2024)
A79: Qin2015_008_Nitrosopumilus cobalaminigenes HCA1_Culture_T15 | B79: HCA1 | C79: Nitrosopumilus cobalaminigenes HCA1 | D79: =INDEX(Strain_IDs!C:C,MATCH(Table1[[#This Row],[Strains]],Strain_IDs!D:D,0)) -> 2 | E79: p__Thermoproteota | F79: c__Nitrososphaeria | G79: o__Nitrososphaerales | H79: f__Nitrosopumilaceae | I79: g__Nitrosopumilus | K79: p__Nitrososphaerota | L79: c__Nitrososphaeria | M79: o__Nitrosopumilales | N79: f__Nitrosopumilaceae | O79: g__Nitrosopumilus | Q79: Marine mesophile | R79: Group 1.1a | S79: Group 1.1a-Nitrosopumilus | T79: sequenced | W79: RR_culture_078 | X79: 15 | AF79: Culture-temperature | AG79: Total GDGTs | AH79: Total GDGTs; Acid hydrolyzed TLEs (CLs + cleaved IPLs) | AI79: 0.22 | AJ79: NP-HPLC-APCI-Ion Trap-MS | AK79: =SUM(Table1[[#This Row],[reported_1302]:[reported_1286_iso]]) -> 100 | AL79: 57.6 | AM79: 3.34 | AN79: 1.88 | AO79: 1.71 | AP79: 35.17 | AQ79: 0.3 | BA79: =AL79/SUM($AL79:$AQ79) -> 0.576 | BB79: =AM79/SUM($AL79:$AQ79) -> 0.0334 | BC79: =AN79/SUM($AL79:$AQ79) -> 0.0188 | BD79: =AO79/SUM($AL79:$AQ79) -> 0.0171 | BE79: =AP79/SUM($AL79:$AQ79) -> 0.3517 | BF79: =AQ79/SUM($AL79:$AQ79) -> 0.003 | BG79: =#N/A -> #N/A | BH79: Culture | BI79: Culture - AOA | BJ79: Qin et al. (2015) PNAS | BK79: Data from original source | BL79: Data from original source | BM79: No | BN79: No | BO79: Not reported | BP79: No | BQ79: No | BR79: Pass | BS79: Pass | BT79: Qin et al. (2015) | BU79: Wei | BV79: https://doi.org/10.1073/pnas.1501568112 | BW79: GTDB Release 214.1; NCBI (retrieved from February 21, 2024)
A80: Qin2015_009_Nitrosopumilus cobalaminigenes HCA1_Culture_T20 | B80: HCA1 | C80: Nitrosopumilus cobalaminigenes HCA1 | D80: =INDEX(Strain_IDs!C:C,MATCH(Table1[[#This Row],[Strains]],Strain_IDs!D:D,0)) -> 2 | E80: p__Thermoproteota | F80: c__Nitrososphaeria | G80: o__Nitrososphaerales | H80: f__Nitrosopumilaceae | I80: g__Nitrosopumilus | K80: p__Nitrososphaerota | L80: c__Nitrososphaeria | M80: o__Nitrosopumilales | N80: f__Nitrosopumilaceae | O80: g__Nitrosopumilus | Q80: Marine mesophile | R80: Group 1.1a | S80: Group 1.1a-Nitrosopumilus | T80: sequenced | W80: RR_culture_079 | X80: 20 | AF80: Culture-temperature | AG80: Total GDGTs | AH80: Total GDGTs; Acid hydrolyzed TLEs (CLs + cleaved IPLs) | AI80: 0.22 | AJ80: NP-HPLC-APCI-Ion Trap-MS | AK80: =SUM(Table1[[#This Row],[reported_1302]:[reported_1286_iso]]) -> 100 | AL80: 50.22 | AM80: 3.73 | AN80: 2.37 | AO80: 2.15 | AP80: 41.27 | AQ80: 0.26 | BA80: =AL80/SUM($AL80:$AQ80) -> 0.5022 | BB80: =AM80/SUM($AL80:$AQ80) -> 0.0373 | BC80: =AN80/SUM($AL80:$AQ80) -> 0.0237 | BD80: =AO80/SUM($AL80:$AQ80) -> 0.0215 | BE80: =AP80/SUM($AL80:$AQ80) -> 0.4127 | BF80: =AQ80/SUM($AL80:$AQ80) -> 0.0026 | BG80: =#N/A -> #N/A | BH80: Culture | BI80: Culture - AOA | BJ80: Qin et al. (2015) PNAS | BK80: Data from original source | BL80: Data from original source | BM80: No | BN80: No | BO80: Not reported | BP80: No | BQ80: No | BR80: Pass | BS80: Pass | BT80: Qin et al. (2015) | BU80: Wei | BV80: https://doi.org/10.1073/pnas.1501568112 | BW80: GTDB Release 214.1; NCBI (retrieved from February 21, 2024)
A81: Qin2015_010_Nitrosopumilus cobalaminigenes HCA1_Culture_T25 | B81: HCA1 | C81: Nitrosopumilus cobalaminigenes HCA1 | D81: =INDEX(Strain_IDs!C:C,MATCH(Table1[[#This Row],[Strains]],Strain_IDs!D:D,0)) -> 2 | E81: p__Thermoproteota | F81: c__Nitrososphaeria | G81: o__Nitrososphaerales | H81: f__Nitrosopumilaceae | I81: g__Nitrosopumilus | K81: p__Nitrososphaerota | L81: c__Nitrososphaeria | M81: o__Nitrosopumilales | N81: f__Nitrosopumilaceae | O81: g__Nitrosopumilus | Q81: Marine mesophile | R81: Group 1.1a | S81: Group 1.1a-Nitrosopumilus | T81: sequenced | W81: RR_culture_080 | X81: 25 | AF81: Culture-temperature | AG81: Total GDGTs | AH81: Total GDGTs; Acid hydrolyzed TLEs (CLs + cleaved IPLs) | AI81: 0.22 | AJ81: NP-HPLC-APCI-Ion Trap-MS | AK81: =SUM(Table1[[#This Row],[reported_1302]:[reported_1286_iso]]) -> 100 | AL81: 38.09 | AM81: 4.52 | AN81: 2.71 | AO81: 2.54 | AP81: 51.78 | AQ81: 0.36 | BA81: =AL81/SUM($AL81:$AQ81) -> 0.3809 | BB81: =AM81/SUM($AL81:$AQ81) -> 0.0452 | BC81: =AN81/SUM($AL81:$AQ81) -> 0.0271 | BD81: =AO81/SUM($AL81:$AQ81) -> 0.0254 | BE81: =AP81/SUM($AL81:$AQ81) -> 0.5178 | BF81: =AQ81/SUM($AL81:$AQ81) -> 0.0036 | BG81: =#N/A -> #N/A | BH81: Culture | BI81: Culture - AOA | BJ81: Qin et al. (2015) PNAS | BK81: Data from original source | BL81: Data from original source | BM81: No | BN81: No | BO81: Not reported | BP81: No | BQ81: No | BR81: Pass | BS81: Pass | BT81: Qin et al. (2015) | BU81: Wei | BV81: https://doi.org/10.1073/pnas.1501568112 | BW81: GTDB Release 214.1; NCBI (retrieved from February 21, 2024)
A82: Qin2015_011_Nitrosopumilus cobalaminigenes HCA1_Culture_T30 | B82: HCA1 | C82: Nitrosopumilus cobalaminigenes HCA1 | D82: =INDEX(Strain_IDs!C:C,MATCH(Table1[[#This Row],[Strains]],Strain_IDs!D:D,0)) -> 2 | E82: p__Thermoproteota | F82: c__Nitrososphaeria | G82: o__Nitrososphaerales | H82: f__Nitrosopumilaceae | I82: g__Nitrosopumilus | K82: p__Nitrososphaerota | L82: c__Nitrososphaeria | M82: o__Nitrosopumilales | N82: f__Nitrosopumilaceae | O82: g__Nitrosopumilus | Q82: Marine mesophile | R82: Group 1.1a | S82: Group 1.1a-Nitrosopumilus | T82: sequenced | W82: RR_culture_081 | X82: 30 | AF82: Culture-temperature | AG82: Total GDGTs | AH82: Total GDGTs; Acid hydrolyzed TLEs (CLs + cleaved IPLs) | AI82: 0.22 | AJ82: NP-HPLC-APCI-Ion Trap-MS | AK82: =SUM(Table1[[#This Row],[reported_1302]:[reported_1286_iso]]) -> 100 | AL82: 27.23 | AM82: 3.95 | AN82: 1.97 | AO82: 1.45 | AP82: 64.9 | AQ82: 0.5 | BA82: =AL82/SUM($AL82:$AQ82) -> 0.2723 | BB82: =AM82/SUM($AL82:$AQ82) -> 0.0395 | BC82: =AN82/SUM($AL82:$AQ82) -> 0.0197 | BD82: =AO82/SUM($AL82:$AQ82) -> 0.0145 | BE82: =AP82/SUM($AL82:$AQ82) -> 0.649 | BF82: =AQ82/SUM($AL82:$AQ82) -> 0.005 | BG82: =#N/A -> #N/A | BH82: Culture | BI82: Culture - AOA | BJ82: Qin et al. (2015) PNAS | BK82: Data from original source | BL82: Data from original source | BM82: No | BN82: No | BO82: Not reported | BP82: No | BQ82: No | BR82: Pass | BS82: Pass | BT82: Qin et al. (2015) | BU82: Wei | BV82: https://doi.org/10.1073/pnas.1501568112 | BW82: GTDB Release 214.1; NCBI (retrieved from February 21, 2024)
A83: Qin2015_012_Nitrosopumilus oxyclinae HCE1_Culture_T10 | B83: HCE1 | C83: Nitrosopumilus oxyclinae HCE1 | D83: =INDEX(Strain_IDs!C:C,MATCH(Table1[[#This Row],[Strains]],Strain_IDs!D:D,0)) -> 1 | E83: p__Thermoproteota | F83: c__Nitrososphaeria | G83: o__Nitrososphaerales | H83: f__Nitrosopumilaceae | I83: g__Nitrosopumilus | K83: p__Nitrososphaerota | L83: c__Nitrososphaeria | M83: o__Nitrosopumilales | N83: f__Nitrosopumilaceae | O83: g__Nitrosopumilus | Q83: Marine mesophile | R83: Group 1.1a | S83: Group 1.1a-Nitrosopumilus | T83: sequenced | W83: RR_culture_082 | X83: 10 | AF83: Culture-temperature | AG83: Total GDGTs | AH83: Total GDGTs; Acid hydrolyzed TLEs (CLs + cleaved IPLs) | AI83: 0.22 | AJ83: NP-HPLC-APCI-Ion Trap-MS | AK83: =SUM(Table1[[#This Row],[reported_1302]:[reported_1286_iso]]) -> 100 | AL83: 56.92 | AM83: 2.98 | AN83: 1.34 | AO83: 1.25 | AP83: 37.39 | AQ83: 0.12 | BA83: =AL83/SUM($AL83:$AQ83) -> 0.5692 | BB83: =AM83/SUM($AL83:$AQ83) -> 0.0298 | BC83: =AN83/SUM($AL83:$AQ83) -> 0.0134 | BD83: =AO83/SUM($AL83:$AQ83) -> 0.0125 | BE83: =AP83/SUM($AL83:$AQ83) -> 0.3739 | BF83: =AQ83/SUM($AL83:$AQ83) -> 0.0012 | BG83: =#N/A -> #N/A | BH83: Culture | BI83: Culture - AOA | BJ83: Qin et al. (2015) PNAS | BK83: Data from original source | BL83: Data from original source | BM83: No | BN83: No | BO83: Not reported | BP83: No | BQ83: No | BR83: Pass | BS83: Pass | BT83: Qin et al. (2015) | BU83: Wei | BV83: https://doi.org/10.1073/pnas.1501568112 | BW83: GTDB Release 214.1; NCBI (retrieved from February 21, 2024)
A84: Qin2015_013_Nitrosopumilus oxyclinae HCE1_Culture_T15 | B84: HCE1 | C84: Nitrosopumilus oxyclinae HCE1 | D84: =INDEX(Strain_IDs!C:C,MATCH(Table1[[#This Row],[Strains]],Strain_IDs!D:D,0)) -> 1 | E84: p__Thermoproteota | F84: c__Nitrososphaeria | G84: o__Nitrososphaerales | H84: f__Nitrosopumilaceae | I84: g__Nitrosopumilus | K84: p__Nitrososphaerota | L84: c__Nitrososphaeria | M84: o__Nitrosopumilales | N84: f__Nitrosopumilaceae | O84: g__Nitrosopumilus | Q84: Marine mesophile | R84: Group 1.1a | S84: Group 1.1a-Nitrosopumilus | T84: sequenced | W84: RR_culture_083 | X84: 15 | AF84: Culture-temperature | AG84: Total GDGTs | AH84: Total GDGTs; Acid hydrolyzed TLEs (CLs + cleaved IPLs) | AI84: 0.22 | AJ84: NP-HPLC-APCI-Ion Trap-MS | AK84: =SUM(Table1[[#This Row],[reported_1302]:[reported_1286_iso]]) -> 100 | AL84: 53.99 | AM84: 2.71 | AN84: 1.46 | AO84: 1.5 | AP84: 40.14 | AQ84: 0.2 | BA84: =AL84/SUM($AL84:$AQ84) -> 0.5399 | BB84: =AM84/SUM($AL84:$AQ84) -> 0.0271 | BC84: =AN84/SUM($AL84:$AQ84) -> 0.0146 | BD84: =AO84/SUM($AL84:$AQ84) -> 0.015 | BE84: =AP84/SUM($AL84:$AQ84) -> 0.4014 | BF84: =AQ84/SUM($AL84:$AQ84) -> 0.002 | BG84: =#N/A -> #N/A | BH84: Culture | BI84: Culture - AOA | BJ84: Qin et al. (2015) PNAS | BK84: Data from original source | BL84: Data from original source | BM84: No | BN84: No | BO84: Not reported | BP84: No | BQ84: No | BR84: Pass | BS84: Pass | BT84: Qin et al. (2015) | BU84: Wei | BV84: https://doi.org/10.1073/pnas.1501568112 | BW84: GTDB Release 214.1; NCBI (retrieved from February 21, 2024)
A85: Qin2015_014_Nitrosopumilus oxyclinae HCE1_Culture_T20 | B85: HCE1 | C85: Nitrosopumilus oxyclinae HCE1 | D85: =INDEX(Strain_IDs!C:C,MATCH(Table1[[#This Row],[Strains]],Strain_IDs!D:D,0)) -> 1 | E85: p__Thermoproteota | F85: c__Nitrososphaeria | G85: o__Nitrososphaerales | H85: f__Nitrosopumilaceae | I85: g__Nitrosopumilus | K85: p__Nitrososphaerota | L85: c__Nitrososphaeria | M85: o__Nitrosopumilales | N85: f__Nitrosopumilaceae | O85: g__Nitrosopumilus | Q85: Marine mesophile | R85: Group 1.1a | S85: Group 1.1a-Nitrosopumilus | T85: sequenced | W85: RR_culture_084 | X85: 20 | AF85: Culture-temperature | AG85: Total GDGTs | AH85: Total GDGTs; Acid hydrolyzed TLEs (CLs + cleaved IPLs) | AI85: 0.22 | AJ85: NP-HPLC-APCI-Ion Trap-MS | AK85: =SUM(Table1[[#This Row],[reported_1302]:[reported_1286_iso]]) -> 99.99 | AL85: 48.33 | AM85: 2.9 | AN85: 1.53 | AO85: 1.58 | AP85: 45.42 | AQ85: 0.23 | BA85: =AL85/SUM($AL85:$AQ85) -> 0.48334833 | BB85: =AM85/SUM($AL85:$AQ85) -> 0.0290029 | BC85: =AN85/SUM($AL85:$AQ85) -> 0.01530153 | BD85: =AO85/SUM($AL85:$AQ85) -> 0.01580158 | BE85: =AP85/SUM($AL85:$AQ85) -> 0.45424542 | BF85: =AQ85/SUM($AL85:$AQ85) -> 0.00230023 | BG85: =#N/A -> #N/A | BH85: Culture | BI85: Culture - AOA | BJ85: Qin et al. (2015) PNAS | BK85: Data from original source | BL85: Data from original source | BM85: No | BN85: No | BO85: Not reported | BP85: No | BQ85: No | BR85: Pass | BS85: Pass | BT85: Qin et al. (2015) | BU85: Wei | BV85: https://doi.org/10.1073/pnas.1501568112 | BW85: GTDB Release 214.1; NCBI (retrieved from February 21, 2024)
A86: Qin2015_015_Nitrosopumilus oxyclinae HCE1_Culture_T22 | B86: HCE1 | C86: Nitrosopumilus oxyclinae HCE1 | D86: =INDEX(Strain_IDs!C:C,MATCH(Table1[[#This Row],[Strains]],Strain_IDs!D:D,0)) -> 1 | E86: p__Thermoproteota | F86: c__Nitrososphaeria | G86: o__Nitrososphaerales | H86: f__Nitrosopumilaceae | I86: g__Nitrosopumilus | K86: p__Nitrososphaerota | L86: c__Nitrososphaeria | M86: o__Nitrosopumilales | N86: f__Nitrosopumilaceae | O86: g__Nitrosopumilus | Q86: Marine mesophile | R86: Group 1.1a | S86: Group 1.1a-Nitrosopumilus | T86: sequenced | W86: RR_culture_085 | X86: 22 | AF86: Culture-temperature | AG86: Total GDGTs | AH86: Total GDGTs; Acid hydrolyzed TLEs (CLs + cleaved IPLs) | AI86: 0.22 | AJ86: NP-HPLC-APCI-Ion Trap-MS | AK86: =SUM(Table1[[#This Row],[reported_1302]:[reported_1286_iso]]) -> 100 | AL86: 43.96 | AM86: 3.36 | AN86: 1.41 | AO86: 1.32 | AP86: 49.78 | AQ86: 0.17 | BA86: =AL86/SUM($AL86:$AQ86) -> 0.4396 | BB86: =AM86/SUM($AL86:$AQ86) -> 0.0336 | BC86: =AN86/SUM($AL86:$AQ86) -> 0.0141 | BD86: =AO86/SUM($AL86:$AQ86) -> 0.0132 | BE86: =AP86/SUM($AL86:$AQ86) -> 0.4978 | BF86: =AQ86/SUM($AL86:$AQ86) -> 0.0017 | BG86: =#N/A -> #N/A | BH86: Culture | BI86: Culture - AOA | BJ86: Qin et al. (2015) PNAS | BK86: Data from original source | BL86: Data from original source | BM86: No | BN86: No | BO86: Not reported | BP86: No | BQ86: No | BR86: Pass | BS86: Pass | BT86: Qin et al. (2015) | BU86: Wei | BV86: https://doi.org/10.1073/pnas.1501568112 | BW86: GTDB Release 214.1; NCBI (retrieved from February 21, 2024)
A87: Qin2015_016_Nitrosopumilus oxyclinae HCE1_Culture_T25 | B87: HCE1 | C87: Nitrosopumilus oxyclinae HCE1 | D87: =INDEX(Strain_IDs!C:C,MATCH(Table1[[#This Row],[Strains]],Strain_IDs!D:D,0)) -> 1 | E87: p__Thermoproteota | F87: c__Nitrososphaeria | G87: o__Nitrososphaerales | H87: f__Nitrosopumilaceae | I87: g__Nitrosopumilus | K87: p__Nitrososphaerota | L87: c__Nitrososphaeria | M87: o__Nitrosopumilales | N87: f__Nitrosopumilaceae | O87: g__Nitrosopumilus | Q87: Marine mesophile | R87: Group 1.1a | S87: Group 1.1a-Nitrosopumilus | T87: sequenced | W87: RR_culture_086 | X87: 25 | AF87: Culture-temperature | AG87: Total GDGTs | AH87: Total GDGTs; Acid hydrolyzed TLEs (CLs + cleaved IPLs) | AI87: 0.22 | AJ87: NP-HPLC-APCI-Ion Trap-MS | AK87: =SUM(Table1[[#This Row],[reported_1302]:[reported_1286_iso]]) -> 100 | AL87: 38.81 | AM87: 3.78 | AN87: 1.46 | AO87: 0.96 | AP87: 54.65 | AQ87: 0.34 | BA87: =AL87/SUM($AL87:$AQ87) -> 0.3881 | BB87: =AM87/SUM($AL87:$AQ87) -> 0.0378 | BC87: =AN87/SUM($AL87:$AQ87) -> 0.0146 | BD87: =AO87/SUM($AL87:$AQ87) -> 0.0096 | BE87: =AP87/SUM($AL87:$AQ87) -> 0.5465 | BF87: =AQ87/SUM($AL87:$AQ87) -> 0.0034 | BG87: =#N/A -> #N/A | BH87: Culture | BI87: Culture - AOA | BJ87: Qin et al. (2015) PNAS | BK87: Data from original source | BL87: Data from original source | BM87: No | BN87: No | BO87: Not reported | BP87: No | BQ87: No | BR87: Pass | BS87: Pass | BT87: Qin et al. (2015) | BU87: Wei | BV87: https://doi.org/10.1073/pnas.1501568112 | BW87: GTDB Release 214.1; NCBI (retrieved from February 21, 2024)
A88: Qin2015_017_Nitrosopumilus ureiphilus PS0_Culture_T25 | B88: PS0 | C88: Nitrosopumilus ureiphilus PS0 | D88: =INDEX(Strain_IDs!C:C,MATCH(Table1[[#This Row],[Strains]],Strain_IDs!D:D,0)) -> 4 | E88: p__Thermoproteota | F88: c__Nitrososphaeria | G88: o__Nitrososphaerales | H88: f__Nitrosopumilaceae | I88: g__Nitrosopumilus | J88: s__Nitrosopumilus ureiphilus | K88: p__Nitrososphaerota | L88: c__Nitrososphaeria | M88: o__Nitrosopumilales | N88: f__Nitrosopumilaceae | O88: g__Nitrosopumilus | P88: s__Nitrosopumilus ureiphilus | Q88: Marine mesophile | R88: Group 1.1a | S88: Group 1.1a-Nitrosopumilus | T88: sequenced | U88: a nearshore marine surface sediment in Seattle | V88: Washington | W88: RR_culture_087 | X88: 25 | AF88: Culture-temperature | AG88: Total GDGTs | AH88: Total GDGTs; Acid hydrolyzed TLEs (CLs + cleaved IPLs) | AI88: 0.22 | AJ88: NP-HPLC-APCI-Ion Trap-MS | AK88: =SUM(Table1[[#This Row],[reported_1302]:[reported_1286_iso]]) -> 100 | AL88: 25.33 | AM88: 12.59 | AN88: 5.53 | AO88: 1.83 | AP88: 54.41 | AQ88: 0.31 | BA88: =AL88/SUM($AL88:$AQ88) -> 0.2533 | BB88: =AM88/SUM($AL88:$AQ88) -> 0.1259 | BC88: =AN88/SUM($AL88:$AQ88) -> 0.0553 | BD88: =AO88/SUM($AL88:$AQ88) -> 0.0183 | BE88: =AP88/SUM($AL88:$AQ88) -> 0.5441 | BF88: =AQ88/SUM($AL88:$AQ88) -> 0.0031 | BG88: =#N/A -> #N/A | BH88: Culture | BI88: Culture - AOA | BJ88: Qin et al. (2015) PNAS | BK88: Data from original source | BL88: Data from original source | BM88: No | BN88: No | BO88: Not reported | BP88: No | BQ88: No | BR88: Pass | BS88: Pass | BT88: Qin et al. (2015) | BU88: Wei | BV88: https://doi.org/10.1073/pnas.1501568112 | BW88: GTDB Release 214.1; NCBI (retrieved from February 21, 2024)
A89: Qin2015_018_Nitrosopumilus maritimus SCM1_T30_oxy01 | B89: SCM1 | C89: Nitrosopumilus maritimus SCM1 | D89: =INDEX(Strain_IDs!C:C,MATCH(Table1[[#This Row],[Strains]],Strain_IDs!D:D,0)) -> 7 | E89: p__Thermoproteota | F89: c__Nitrososphaeria | G89: o__Nitrososphaerales | H89: f__Nitrosopumilaceae | I89: g__Nitrosopumilus | J89: s__Nitrosopumilus maritimus | K89: p__Nitrososphaerota | L89: c__Nitrososphaeria | M89: o__Nitrosopumilales | N89: f__Nitrosopumilaceae | O89: g__Nitrosopumilus | P89: s__Nitrosopumilus maritimus | Q89: Marine mesophile | R89: Group 1.1a | S89: Group 1.1a-Nitrosopumilus | T89: sequenced | U89: a tropical marine fish tank at the Seattle Aquarium in Seattle | V89: Washington | W89: RR_culture_088 | X89: 30 | AA89: 1 | AF89: Culture-oxygen | AG89: Total GDGTs | AH89: Total GDGTs; Acid hydrolyzed TLEs (CLs + cleaved IPLs) | AJ89: NP-HPLC-APCI-Ion Trap-MS | AK89: =SUM(Table1[[#This Row],[reported_1302]:[reported_1286_iso]]) -> 99.81 | AL89: 4.21 | AM89: 2.7 | AN89: 16.6 | AO89: 4.99 | AP89: 70.03 | AQ89: 1.28 | BA89: =AL89/SUM($AL89:$AQ89) -> 0.042180142 | BB89: =AM89/SUM($AL89:$AQ89) -> 0.027051398 | BC89: =AN89/SUM($AL89:$AQ89) -> 0.166316 | BD89: =AO89/SUM($AL89:$AQ89) -> 0.04999499 | BE89: =AP89/SUM($AL89:$AQ89) -> 0.7016331 | BF89: =AQ89/SUM($AL89:$AQ89) -> 0.012824366 | BG89: =#N/A -> #N/A | BH89: Culture | BI89: Culture - AOA | BJ89: Qin et al. (2015) PNAS | BK89: Data from original source | BL89: Data from original source | BM89: No | BN89: No | BO89: Not reported | BP89: No | BQ89: No | BR89: Pass | BS89: Pass | BT89: Qin et al. (2015) | BU89: Wei | BV89: https://doi.org/10.1073/pnas.1501568112 | BW89: GTDB Release 214.1; NCBI (retrieved from February 21, 2024)
A90: Qin2015_019_Nitrosopumilus maritimus SCM1_T30_oxy1 | B90: SCM1 | C90: Nitrosopumilus maritimus SCM1 | D90: =INDEX(Strain_IDs!C:C,MATCH(Table1[[#This Row],[Strains]],Strain_IDs!D:D,0)) -> 7 | E90: p__Thermoproteota | F90: c__Nitrososphaeria | G90: o__Nitrososphaerales | H90: f__Nitrosopumilaceae | I90: g__Nitrosopumilus | J90: s__Nitrosopumilus maritimus | K90: p__Nitrososphaerota | L90: c__Nitrososphaeria | M90: o__Nitrosopumilales | N90: f__Nitrosopumilaceae | O90: g__Nitrosopumilus | P90: s__Nitrosopumilus maritimus | Q90: Marine mesophile | R90: Group 1.1a | S90: Group 1.1a-Nitrosopumilus | T90: sequenced | U90: a tropical marine fish tank at the Seattle Aquarium in Seattle | V90: Washington | W90: RR_culture_089 | X90: 30 | AA90: 11 | AF90: Culture-oxygen | AG90: Total GDGTs | AH90: Total GDGTs; Acid hydrolyzed TLEs (CLs + cleaved IPLs) | AJ90: NP-HPLC-APCI-Ion Trap-MS | AK90: =SUM(Table1[[#This Row],[reported_1302]:[reported_1286_iso]]) -> 99.99 | AL90: 3.84 | AM90: 3.17 | AN90: 16.26 | AO90: 4.19 | AP90: 71.35 | AQ90: 1.18 | BA90: =AL90/SUM($AL90:$AQ90) -> 0.03840384 | BB90: =AM90/SUM($AL90:$AQ90) -> 0.03170317 | BC90: =AN90/SUM($AL90:$AQ90) -> 0.16261626 | BD90: =AO90/SUM($AL90:$AQ90) -> 0.04190419 | BE90: =AP90/SUM($AL90:$AQ90) -> 0.71357136 | BF90: =AQ90/SUM($AL90:$AQ90) -> 0.01180118 | BG90: =#N/A -> #N/A | BH90: Culture | BI90: Culture - AOA | BJ90: Qin et al. (2015) PNAS | BK90: Data from original source | BL90: Data from original source | BM90: No | BN90: No | BO90: Not reported | BP90: No | BQ90: No | BR90: Pass | BS90: Pass | BT90: Qin et al. (2015) | BU90: Wei | BV90: https://doi.org/10.1073/pnas.1501568112 | BW90: GTDB Release 214.1; NCBI (retrieved from February 21, 2024)
A91: Qin2015_020_Nitrosopumilus maritimus SCM1_T30_oxy5 | B91: SCM1 | C91: Nitrosopumilus maritimus SCM1 | D91: =INDEX(Strain_IDs!C:C,MATCH(Table1[[#This Row],[Strains]],Strain_IDs!D:D,0)) -> 7 | E91: p__Thermoproteota | F91: c__Nitrososphaeria | G91: o__Nitrososphaerales | H91: f__Nitrosopumilaceae | I91: g__Nitrosopumilus | J91: s__Nitrosopumilus maritimus | K91: p__Nitrososphaerota | L91: c__Nitrososphaeria | M91: o__Nitrosopumilales | N91: f__Nitrosopumilaceae | O91: g__Nitrosopumilus | P91: s__Nitrosopumilus maritimus | Q91: Marine mesophile | R91: Group 1.1a | S91: Group 1.1a-Nitrosopumilus | T91: sequenced | U91: a tropical marine fish tank at the Seattle Aquarium in Seattle | V91: Washington | W91: RR_culture_090 | X91: 30 | AA91: 53 | AF91: Culture-oxygen | AG91: Total GDGTs | AH91: Total GDGTs; Acid hydrolyzed TLEs (CLs + cleaved IPLs) | AJ91: NP-HPLC-APCI-Ion Trap-MS | AK91: =SUM(Table1[[#This Row],[reported_1302]:[reported_1286_iso]]) -> 99.96 | AL91: 7.81 | AM91: 6.84 | AN91: 14.84 | AO91: 4.3 | AP91: 65.28 | AQ91: 0.89 | BA91: =AL91/SUM($AL91:$AQ91) -> 0.078131253 | BB91: =AM91/SUM($AL91:$AQ91) -> 0.068427371 | BC91: =AN91/SUM($AL91:$AQ91) -> 0.14845938 | BD91: =AO91/SUM($AL91:$AQ91) -> 0.043017207 | BE91: =AP91/SUM($AL91:$AQ91) -> 0.65306122 | BF91: =AQ91/SUM($AL91:$AQ91) -> 0.0089035614 | BG91: =#N/A -> #N/A | BH91: Culture | BI91: Culture - AOA | BJ91: Qin et al. (2015) PNAS | BK91: Data from original source | BL91: Data from original source | BM91: No | BN91: No | BO91: Not reported | BP91: No | BQ91: No | BR91: Pass | BS91: Pass | BT91: Qin et al. (2015) | BU91: Wei | BV91: https://doi.org/10.1073/pnas.1501568112 | BW91: GTDB Release 214.1; NCBI (retrieved from February 21, 2024)
A92: Qin2015_021_Nitrosopumilus maritimus SCM1_T30_oxy10 | B92: SCM1 | C92: Nitrosopumilus maritimus SCM1 | D92: =INDEX(Strain_IDs!C:C,MATCH(Table1[[#This Row],[Strains]],Strain_IDs!D:D,0)) -> 7 | E92: p__Thermoproteota | F92: c__Nitrososphaeria | G92: o__Nitrososphaerales | H92: f__Nitrosopumilaceae | I92: g__Nitrosopumilus | J92: s__Nitrosopumilus maritimus | K92: p__Nitrososphaerota | L92: c__Nitrososphaeria | M92: o__Nitrosopumilales | N92: f__Nitrosopumilaceae | O92: g__Nitrosopumilus | P92: s__Nitrosopumilus maritimus | Q92: Marine mesophile | R92: Group 1.1a | S92: Group 1.1a-Nitrosopumilus | T92: sequenced | U92: a tropical marine fish tank at the Seattle Aquarium in Seattle | V92: Washington | W92: RR_culture_091 | X92: 30 | AA92: 106 | AF92: Culture-oxygen | AG92: Total GDGTs | AH92: Total GDGTs; Acid hydrolyzed TLEs (CLs + cleaved IPLs) | AJ92: NP-HPLC-APCI-Ion Trap-MS | AK92: =SUM(Table1[[#This Row],[reported_1302]:[reported_1286_iso]]) -> 99.92 | AL92: 8.95 | AM92: 7.04 | AN92: 13.43 | AO92: 4.16 | AP92: 65.72 | AQ92: 0.62 | BA92: =AL92/SUM($AL92:$AQ92) -> 0.089571657 | BB92: =AM92/SUM($AL92:$AQ92) -> 0.070456365 | BC92: =AN92/SUM($AL92:$AQ92) -> 0.13440753 | BD92: =AO92/SUM($AL92:$AQ92) -> 0.041633307 | BE92: =AP92/SUM($AL92:$AQ92) -> 0.65772618 | BF92: =AQ92/SUM($AL92:$AQ92) -> 0.006204964 | BG92: =#N/A -> #N/A | BH92: Culture | BI92: Culture - AOA | BJ92: Qin et al. (2015) PNAS | BK92: Data from original source | BL92: Data from original source | BM92: No | BN92: No | BO92: Not reported | BP92: No | BQ92: No | BR92: Pass | BS92: Pass | BT92: Qin et al. (2015) | BU92: Wei | BV92: https://doi.org/10.1073/pnas.1501568112 | BW92: GTDB Release 214.1; NCBI (retrieved from February 21, 2024)
A93: Qin2015_022_Nitrosopumilus maritimus SCM1_T30_oxy21 | B93: SCM1 | C93: Nitrosopumilus maritimus SCM1 | D93: =INDEX(Strain_IDs!C:C,MATCH(Table1[[#This Row],[Strains]],Strain_IDs!D:D,0)) -> 7 | E93: p__Thermoproteota | F93: c__Nitrososphaeria | G93: o__Nitrososphaerales | H93: f__Nitrosopumilaceae | I93: g__Nitrosopumilus | J93: s__Nitrosopumilus maritimus | K93: p__Nitrososphaerota | L93: c__Nitrososphaeria | M93: o__Nitrosopumilales | N93: f__Nitrosopumilaceae | O93: g__Nitrosopumilus | P93: s__Nitrosopumilus maritimus | Q93: Marine mesophile | R93: Group 1.1a | S93: Group 1.1a-Nitrosopumilus | T93: sequenced | U93: a tropical marine fish tank at the Seattle Aquarium in Seattle | V93: Washington | W93: RR_culture_092 | X93: 30 | AA93: 213 | AF93: Culture-oxygen | AG93: Total GDGTs | AH93: Total GDGTs; Acid hydrolyzed TLEs (CLs + cleaved IPLs) | AJ93: NP-HPLC-APCI-Ion Trap-MS | AK93: =SUM(Table1[[#This Row],[reported_1302]:[reported_1286_iso]]) -> 99.82 | AL93: 10.32 | AM93: 7.93 | AN93: 12.42 | AO93: 4.26 | AP93: 64.28 | AQ93: 0.61 | BA93: =AL93/SUM($AL93:$AQ93) -> 0.10338609 | BB93: =AM93/SUM($AL93:$AQ93) -> 0.079442997 | BC93: =AN93/SUM($AL93:$AQ93) -> 0.12442396 | BD93: =AO93/SUM($AL93:$AQ93) -> 0.042676818 | BE93: =AP93/SUM($AL93:$AQ93) -> 0.64395913 | BF93: =AQ93/SUM($AL93:$AQ93) -> 0.0061109998 | BG93: =#N/A -> #N/A | BH93: Culture | BI93: Culture - AOA | BJ93: Qin et al. (2015) PNAS | BK93: Data from original source | BL93: Data from original source | BM93: No | BN93: No | BO93: Not reported | BP93: No | BQ93: No | BR93: Pass | BS93: Pass | BT93: Qin et al. (2015) | BU93: Wei | BV93: https://doi.org/10.1073/pnas.1501568112 | BW93: GTDB Release 214.1; NCBI (retrieved from February 21, 2024)
A94: Qin2015_023_Nitrosopumilus ureiphilus PS0_T26_oxy01 | B94: PS0 | C94: Nitrosopumilus ureiphilus PS0 | D94: =INDEX(Strain_IDs!C:C,MATCH(Table1[[#This Row],[Strains]],Strain_IDs!D:D,0)) -> 4 | E94: p__Thermoproteota | F94: c__Nitrososphaeria | G94: o__Nitrososphaerales | H94: f__Nitrosopumilaceae | I94: g__Nitrosopumilus | J94: s__Nitrosopumilus ureiphilus | K94: p__Nitrososphaerota | L94: c__Nitrososphaeria | M94: o__Nitrosopumilales | N94: f__Nitrosopumilaceae | O94: g__Nitrosopumilus | P94: s__Nitrosopumilus ureiphilus | Q94: Marine mesophile | R94: Group 1.1a | S94: Group 1.1a-Nitrosopumilus | T94: sequenced | U94: a nearshore marine surface sediment in Seattle | V94: Washington | W94: RR_culture_093 | X94: 26 | AA94: 1 | AF94: Culture-oxygen | AG94: Total GDGTs | AH94: Total GDGTs; Acid hydrolyzed TLEs (CLs + cleaved IPLs) | AJ94: NP-HPLC-APCI-Ion Trap-MS | AK94: =SUM(Table1[[#This Row],[reported_1302]:[reported_1286_iso]]) -> 99.97 | AL94: 9.69 | AM94: 6.24 | AN94: 27 | AO94: 3.14 | AP94: 53.53 | AQ94: 0.37 | BA94: =AL94/SUM($AL94:$AQ94) -> 0.096929079 | BB94: =AM94/SUM($AL94:$AQ94) -> 0.062418726 | BC94: =AN94/SUM($AL94:$AQ94) -> 0.27008102 | BD94: =AO94/SUM($AL94:$AQ94) -> 0.031409423 | BE94: =AP94/SUM($AL94:$AQ94) -> 0.53546064 | BF94: =AQ94/SUM($AL94:$AQ94) -> 0.0037011103 | BG94: =#N/A -> #N/A | BH94: Culture | BI94: Culture - AOA | BJ94: Qin et al. (2015) PNAS | BK94: Data from original source | BL94: Data from original source | BM94: No | BN94: No | BO94: Not reported | BP94: No | BQ94: No | BR94: Pass | BS94: Pass | BT94: Qin et al. (2015) | BU94: Wei | BV94: https://doi.org/10.1073/pnas.1501568112 | BW94: GTDB Release 214.1; NCBI (retrieved from February 21, 2024)
A95: Qin2015_024_Nitrosopumilus ureiphilus PS0_T26_oxy02 | B95: PS0 | C95: Nitrosopumilus ureiphilus PS0 | D95: =INDEX(Strain_IDs!C:C,MATCH(Table1[[#This Row],[Strains]],Strain_IDs!D:D,0)) -> 4 | E95: p__Thermoproteota | F95: c__Nitrososphaeria | G95: o__Nitrososphaerales | H95: f__Nitrosopumilaceae | I95: g__Nitrosopumilus | J95: s__Nitrosopumilus ureiphilus | K95: p__Nitrososphaerota | L95: c__Nitrososphaeria | M95: o__Nitrosopumilales | N95: f__Nitrosopumilaceae | O95: g__Nitrosopumilus | P95: s__Nitrosopumilus ureiphilus | Q95: Marine mesophile | R95: Group 1.1a | S95: Group 1.1a-Nitrosopumilus | T95: sequenced | U95: a nearshore marine surface sediment in Seattle | V95: Washington | W95: RR_culture_094 | X95: 26 | AA95: 2 | AF95: Culture-oxygen | AG95: Total GDGTs | AH95: Total GDGTs; Acid hydrolyzed TLEs (CLs + cleaved IPLs) | AJ95: NP-HPLC-APCI-Ion Trap-MS | AK95: =SUM(Table1[[#This Row],[reported_1302]:[reported_1286_iso]]) -> 99.95 | AL95: 9.44 | AM95: 7.31 | AN95: 25.58 | AO95: 3.48 | AP95: 53.78 | AQ95: 0.36 | BA95: =AL95/SUM($AL95:$AQ95) -> 0.094447224 | BB95: =AM95/SUM($AL95:$AQ95) -> 0.073136568 | BC95: =AN95/SUM($AL95:$AQ95) -> 0.25592796 | BD95: =AO95/SUM($AL95:$AQ95) -> 0.034817409 | BE95: =AP95/SUM($AL95:$AQ95) -> 0.53806903 | BF95: =AQ95/SUM($AL95:$AQ95) -> 0.0036018009 | BG95: =#N/A -> #N/A | BH95: Culture | BI95: Culture - AOA | BJ95: Qin et al. (2015) PNAS | BK95: Data from original source | BL95: Data from original source | BM95: No | BN95: No | BO95: Not reported | BP95: No | BQ95: No | BR95: Pass | BS95: Pass | BT95: Qin et al. (2015) | BU95: Wei | BV95: https://doi.org/10.1073/pnas.1501568112 | BW95: GTDB Release 214.1; NCBI (retrieved from February 21, 2024)
A96: Qin2015_025_Nitrosopumilus ureiphilus PS0_T26_oxy05 | B96: PS0 | C96: Nitrosopumilus ureiphilus PS0 | D96: =INDEX(Strain_IDs!C:C,MATCH(Table1[[#This Row],[Strains]],Strain_IDs!D:D,0)) -> 4 | E96: p__Thermoproteota | F96: c__Nitrososphaeria | G96: o__Nitrososphaerales | H96: f__Nitrosopumilaceae | I96: g__Nitrosopumilus | J96: s__Nitrosopumilus ureiphilus | K96: p__Nitrososphaerota | L96: c__Nitrososphaeria | M96: o__Nitrosopumilales | N96: f__Nitrosopumilaceae | O96: g__Nitrosopumilus | P96: s__Nitrosopumilus ureiphilus | Q96: Marine mesophile | R96: Group 1.1a | S96: Group 1.1a-Nitrosopumilus | T96: sequenced | U96: a nearshore marine surface sediment in Seattle | V96: Washington | W96: RR_culture_095 | X96: 26 | AA96: 5 | AF96: Culture-oxygen | AG96: Total GDGTs | AH96: Total GDGTs; Acid hydrolyzed TLEs (CLs + cleaved IPLs) | AJ96: NP-HPLC-APCI-Ion Trap-MS | AK96: =SUM(Table1[[#This Row],[reported_1302]:[reported_1286_iso]]) -> 99.96 | AL96: 9.5 | AM96: 7.9 | AN96: 18.37 | AO96: 3.06 | AP96: 60.49 | AQ96: 0.64 | BA96: =AL96/SUM($AL96:$AQ96) -> 0.095038015 | BB96: =AM96/SUM($AL96:$AQ96) -> 0.079031613 | BC96: =AN96/SUM($AL96:$AQ96) -> 0.18377351 | BD96: =AO96/SUM($AL96:$AQ96) -> 0.030612245 | BE96: =AP96/SUM($AL96:$AQ96) -> 0.60514206 | BF96: =AQ96/SUM($AL96:$AQ96) -> 0.006402561 | BG96: =#N/A -> #N/A | BH96: Culture | BI96: Culture - AOA | BJ96: Qin et al. (2015) PNAS | BK96: Data from original source | BL96: Data from original source | BM96: No | BN96: No | BO96: Not reported | BP96: No | BQ96: No | BR96: Pass | BS96: Pass | BT96: Qin et al. (2015) | BU96: Wei | BV96: https://doi.org/10.1073/pnas.1501568112 | BW96: GTDB Release 214.1; NCBI (retrieved from February 21, 2024)
A97: Qin2015_026_Nitrosopumilus ureiphilus PS0_T26_oxy1 | B97: PS0 | C97: Nitrosopumilus ureiphilus PS0 | D97: =INDEX(Strain_IDs!C:C,MATCH(Table1[[#This Row],[Strains]],Strain_IDs!D:D,0)) -> 4 | E97: p__Thermoproteota | F97: c__Nitrososphaeria | G97: o__Nitrososphaerales | H97: f__Nitrosopumilaceae | I97: g__Nitrosopumilus | J97: s__Nitrosopumilus ureiphilus | K97: p__Nitrososphaerota | L97: c__Nitrososphaeria | M97: o__Nitrosopumilales | N97: f__Nitrosopumilaceae | O97: g__Nitrosopumilus | P97: s__Nitrosopumilus ureiphilus | Q97: Marine mesophile | R97: Group 1.1a | S97: Group 1.1a-Nitrosopumilus | T97: sequenced | U97: a nearshore marine surface sediment in Seattle | V97: Washington | W97: RR_culture_096 | X97: 26 | AA97: 11 | AF97: Culture-oxygen | AG97: Total GDGTs | AH97: Total GDGTs; Acid hydrolyzed TLEs (CLs + cleaved IPLs) | AJ97: NP-HPLC-APCI-Ion Trap-MS | AK97: =SUM(Table1[[#This Row],[reported_1302]:[reported_1286_iso]]) -> 99.96 | AL97: 11.57 | AM97: 9 | AN97: 15.82 | AO97: 2.69 | AP97: 60.33 | AQ97: 0.55 | BA97: =AL97/SUM($AL97:$AQ97) -> 0.1157463 | BB97: =AM97/SUM($AL97:$AQ97) -> 0.090036014 | BC97: =AN97/SUM($AL97:$AQ97) -> 0.15826331 | BD97: =AO97/SUM($AL97:$AQ97) -> 0.026910764 | BE97: =AP97/SUM($AL97:$AQ97) -> 0.60354142 | BF97: =AQ97/SUM($AL97:$AQ97) -> 0.0055022009 | BG97: =#N/A -> #N/A | BH97: Culture | BI97: Culture - AOA | BJ97: Qin et al. (2015) PNAS | BK97: Data from original source | BL97: Data from original source | BM97: No | BN97: No | BO97: Not reported | BP97: No | BQ97: No | BR97: Pass | BS97: Pass | BT97: Qin et al. (2015) | BU97: Wei | BV97: https://doi.org/10.1073/pnas.1501568112 | BW97: GTDB Release 214.1; NCBI (retrieved from February 21, 2024)
A98: Qin2015_027_Nitrosopumilus ureiphilus PS0_T26_oxy5 | B98: PS0 | C98: Nitrosopumilus ureiphilus PS0 | D98: =INDEX(Strain_IDs!C:C,MATCH(Table1[[#This Row],[Strains]],Strain_IDs!D:D,0)) -> 4 | E98: p__Thermoproteota | F98: c__Nitrososphaeria | G98: o__Nitrososphaerales | H98: f__Nitrosopumilaceae | I98: g__Nitrosopumilus | J98: s__Nitrosopumilus ureiphilus | K98: p__Nitrososphaerota | L98: c__Nitrososphaeria | M98: o__Nitrosopumilales | N98: f__Nitrosopumilaceae | O98: g__Nitrosopumilus | P98: s__Nitrosopumilus ureiphilus | Q98: Marine mesophile | R98: Group 1.1a | S98: Group 1.1a-Nitrosopumilus | T98: sequenced | U98: a nearshore marine surface sediment in Seattle | V98: Washington | W98: RR_culture_097 | X98: 26 | AA98: 53 | AF98: Culture-oxygen | AG98: Total GDGTs | AH98: Total GDGTs; Acid hydrolyzed TLEs (CLs + cleaved IPLs) | AJ98: NP-HPLC-APCI-Ion Trap-MS | AK98: =SUM(Table1[[#This Row],[reported_1302]:[reported_1286_iso]]) -> 99.94 | AL98: 14.84 | AM98: 10.45 | AN98: 12.62 | AO98: 2.26 | AP98: 59.34 | AQ98: 0.43 | BA98: =AL98/SUM($AL98:$AQ98) -> 0.14848909 | BB98: =AM98/SUM($AL98:$AQ98) -> 0.10456274 | BC98: =AN98/SUM($AL98:$AQ98) -> 0.12627577 | BD98: =AO98/SUM($AL98:$AQ98) -> 0.022613568 | BE98: =AP98/SUM($AL98:$AQ98) -> 0.59375625 | BF98: =AQ98/SUM($AL98:$AQ98) -> 0.0043025815 | BG98: =#N/A -> #N/A | BH98: Culture | BI98: Culture - AOA | BJ98: Qin et al. (2015) PNAS | BK98: Data from original source | BL98: Data from original source | BM98: No | BN98: No | BO98: Not reported | BP98: No | BQ98: No | BR98: Pass | BS98: Pass | BT98: Qin et al. (2015) | BU98: Wei | BV98: https://doi.org/10.1073/pnas.1501568112 | BW98: GTDB Release 214.1; NCBI (retrieved from February 21, 2024)
A99: Qin2015_028_Nitrosopumilus ureiphilus PS0_T26_oxy10 | B99: PS0 | C99: Nitrosopumilus ureiphilus PS0 | D99: =INDEX(Strain_IDs!C:C,MATCH(Table1[[#This Row],[Strains]],Strain_IDs!D:D,0)) -> 4 | E99: p__Thermoproteota | F99: c__Nitrososphaeria | G99: o__Nitrososphaerales | H99: f__Nitrosopumilaceae | I99: g__Nitrosopumilus | J99: s__Nitrosopumilus ureiphilus | K99: p__Nitrososphaerota | L99: c__Nitrososphaeria | M99: o__Nitrosopumilales | N99: f__Nitrosopumilaceae | O99: g__Nitrosopumilus | P99: s__Nitrosopumilus ureiphilus | Q99: Marine mesophile | R99: Group 1.1a | S99: Group 1.1a-Nitrosopumilus | T99: sequenced | U99: a nearshore marine surface sediment in Seattle | V99: Washington | W99: RR_culture_098 | X99: 26 | AA99: 106 | AF99: Culture-oxygen | AG99: Total GDGTs | AH99: Total GDGTs; Acid hydrolyzed TLEs (CLs + cleaved IPLs) | AJ99: NP-HPLC-APCI-Ion Trap-MS | AK99: =SUM(Table1[[#This Row],[reported_1302]:[reported_1286_iso]]) -> 99.91 | AL99: 16.49 | AM99: 11.3 | AN99: 10.81 | AO99: 2.22 | AP99: 58.7 | AQ99: 0.39 | BA99: =AL99/SUM($AL99:$AQ99) -> 0.16504854 | BB99: =AM99/SUM($AL99:$AQ99) -> 0.11310179 | BC99: =AN99/SUM($AL99:$AQ99) -> 0.10819738 | BD99: =AO99/SUM($AL99:$AQ99) -> 0.022219998 | BE99: =AP99/SUM($AL99:$AQ99) -> 0.58752878 | BF99: =AQ99/SUM($AL99:$AQ99) -> 0.0039035132 | BG99: =#N/A -> #N/A | BH99: Culture | BI99: Culture - AOA | BJ99: Qin et al. (2015) PNAS | BK99: Data from original source | BL99: Data from original source | BM99: No | BN99: No | BO99: Not reported | BP99: No | BQ99: No | BR99: Pass | BS99: Pass | BT99: Qin et al. (2015) | BU99: Wei | BV99: https://doi.org/10.1073/pnas.1501568112 | BW99: GTDB Release 214.1; NCBI (retrieved from February 21, 2024)
A100: Qin2015_029_Nitrosopumilus ureiphilus PS0_T26_oxy21 | B100: PS0 | C100: Nitrosopumilus ureiphilus PS0 | D100: =INDEX(Strain_IDs!C:C,MATCH(Table1[[#This Row],[Strains]],Strain_IDs!D:D,0)) -> 4 | E100: p__Thermoproteota | F100: c__Nitrososphaeria | G100: o__Nitrososphaerales | H100: f__Nitrosopumilaceae | I100: g__Nitrosopumilus | J100: s__Nitrosopumilus ureiphilus | K100: p__Nitrososphaerota | L100: c__Nitrososphaeria | M100: o__Nitrosopumilales | N100: f__Nitrosopumilaceae | O100: g__Nitrosopumilus | P100: s__Nitrosopumilus ureiphilus | Q100: Marine mesophile | R100: Group 1.1a | S100: Group 1.1a-Nitrosopumilus | T100: sequenced | U100: a nearshore marine surface sediment in Seattle | V100: Washington | W100: RR_culture_099 | X100: 26 | AA100: 213 | AF100: Culture-oxygen | AG100: Total GDGTs | AH100: Total GDGTs; Acid hydrolyzed TLEs (CLs + cleaved IPLs) | AJ100: NP-HPLC-APCI-Ion Trap-MS | AK100: =SUM(Table1[[#This Row],[reported_1302]:[reported_1286_iso]]) -> 99.92 | AL100: 19.58 | AM100: 11.89 | AN100: 7.69 | AO100: 1.94 | AP100: 58.53 | AQ100: 0.29 | BA100: =AL100/SUM($AL100:$AQ100) -> 0.19595677 | BB100: =AM100/SUM($AL100:$AQ100) -> 0.1189952 | BC100: =AN100/SUM($AL100:$AQ100) -> 0.076961569 | BD100: =AO100/SUM($AL100:$AQ100) -> 0.019415532 | BE100: =AP100/SUM($AL100:$AQ100) -> 0.58576861 | BF100: =AQ100/SUM($AL100:$AQ100) -> 0.0029023219 | BG100: =#N/A -> #N/A | BH100: Culture | BI100: Culture - AOA | BJ100: Qin et al. (2015) PNAS | BK100: Data from original source | BL100: Data from original source | BM100: No | BN100: No | BO100: Not reported | BP100: No | BQ100: No | BR100: Pass | BS100: Pass | BT100: Qin et al. (2015) | BU100: Wei | BV100: https://doi.org/10.1073/pnas.1501568112 | BW100: GTDB Release 214.1; NCBI (retrieved from February 21, 2024)
A101: Hurley2016_N. maritimus SCM1_T28_pH7.6_slowGrowthRate | B101: SCM1 | C101: Nitrosopumilus maritimus SCM1 | D101: =INDEX(Strain_IDs!C:C,MATCH(Table1[[#This Row],[Strains]],Strain_IDs!D:D,0)) -> 7 | E101: p__Thermoproteota | F101: c__Nitrososphaeria | G101: o__Nitrososphaerales | H101: f__Nitrosopumilaceae | I101: g__Nitrosopumilus | J101: s__Nitrosopumilus maritimus | K101: p__Nitrososphaerota | L101: c__Nitrososphaeria | M101: o__Nitrosopumilales | N101: f__Nitrosopumilaceae | O101: g__Nitrosopumilus | P101: s__Nitrosopumilus maritimus | Q101: Marine mesophile | R101: Group 1.1a | S101: Group 1.1a-Nitrosopumilus | T101: sequenced | U101: a tropical marine fish tank at the Seattle Aquarium in Seattle | V101: Washington | W101: RR_culture_100 | X101: 28 | Z101: 7.6 | AD101: 31.2 | AE101: slow | AF101: Culture-growth-rate | AG101: Total GDGTs | AH101: Total GDGTs (Hydrolyzed B-D extracts; CLs + cleaved IPLs) | AI101: 0.1 | AJ101: NP-UHPLC-APCI-qTOF-MS | AK101: =SUM(Table1[[#This Row],[reported_1302]:[reported_1286_iso]]) -> 1 | AL101: 0.094736842 | AM101: 0.073684211 | AN101: 0.21052632 | AO101: 0.073684211 | AP101: 0.5368421 | AQ101: 0.010526316 | BA101: =AL101/SUM($AL101:$AQ101) -> 0.094736842 | BB101: =AM101/SUM($AL101:$AQ101) -> 0.073684211 | BC101: =AN101/SUM($AL101:$AQ101) -> 0.21052632 | BD101: =AO101/SUM($AL101:$AQ101) -> 0.073684211 | BE101: =AP101/SUM($AL101:$AQ101) -> 0.5368421 | BF101: =AQ101/SUM($AL101:$AQ101) -> 0.010526316 | BG101: =#N/A -> #N/A | BH101: Culture | BI101: Culture - AOA | BJ101: Hurley et al. (2016) PNAS | BK101: Data retrieved from Tierney dataset | BL101: Data retrieved from Tierney dataset | BM101: No | BN101: No | BO101: Not reported | BP101: No | BQ101: No | BT101: Hurley et al. (2016) | BU101: Sarah | BV101: https://doi.org/10.1073/pnas.1518534113 | BW101: GTDB Release 214.1; NCBI (retrieved from February 21, 2024)
A102: Hurley2016_N_maritimus SCM1_T28_pH7.6_intermediateGrowthRate | B102: SCM1 | C102: Nitrosopumilus maritimus SCM1 | D102: =INDEX(Strain_IDs!C:C,MATCH(Table1[[#This Row],[Strains]],Strain_IDs!D:D,0)) -> 7 | E102: p__Thermoproteota | F102: c__Nitrososphaeria | G102: o__Nitrososphaerales | H102: f__Nitrosopumilaceae | I102: g__Nitrosopumilus | J102: s__Nitrosopumilus maritimus | K102: p__Nitrososphaerota | L102: c__Nitrososphaeria | M102: o__Nitrosopumilales | N102: f__Nitrosopumilaceae | O102: g__Nitrosopumilus | P102: s__Nitrosopumilus maritimus | Q102: Marine mesophile | R102: Group 1.1a | S102: Group 1.1a-Nitrosopumilus | T102: sequenced | U102: a tropical marine fish tank at the Seattle Aquarium in Seattle | V102: Washington | W102: RR_culture_101 | X102: 28 | Z102: 7.6 | AD102: 71.4 | AE102: intermediate | AF102: Culture-growth-rate | AG102: Total GDGTs | AH102: Total GDGTs (Hydrolyzed B-D extracts; CLs + cleaved IPLs) | AI102: 0.1 | AJ102: NP-UHPLC-APCI-qTOF-MS | AK102: =SUM(Table1[[#This Row],[reported_1302]:[reported_1286_iso]]) -> 1 | AL102: 0.14736842 | AM102: 0.11578947 | AN102: 0.17894737 | AO102: 0.084210526 | AP102: 0.46315789 | AQ102: 0.010526316 | BA102: =AL102/SUM($AL102:$AQ102) -> 0.14736842 | BB102: =AM102/SUM($AL102:$AQ102) -> 0.11578947 | BC102: =AN102/SUM($AL102:$AQ102) -> 0.17894737 | BD102: =AO102/SUM($AL102:$AQ102) -> 0.084210526 | BE102: =AP102/SUM($AL102:$AQ102) -> 0.46315789 | BF102: =AQ102/SUM($AL102:$AQ102) -> 0.010526316 | BG102: =#N/A -> #N/A | BH102: Culture | BI102: Culture - AOA | BJ102: Hurley et al. (2016) PNAS | BK102: Data retrieved from Tierney dataset | BL102: Data retrieved from Tierney dataset | BM102: No | BN102: No | BO102: Not reported | BP102: No | BQ102: No | BT102: Hurley et al. (2016) | BU102: Sarah | BV102: https://doi.org/10.1073/pnas.1518534113 | BW102: GTDB Release 214.1; NCBI (retrieved from February 21, 2024)
A103: Hurley2016_N_maritimus SCM1_T28_pH7.6_fastGrowthRate | B103: SCM1 | C103: Nitrosopumilus maritimus SCM1 | D103: =INDEX(Strain_IDs!C:C,MATCH(Table1[[#This Row],[Strains]],Strain_IDs!D:D,0)) -> 7 | E103: p__Thermoproteota | F103: c__Nitrososphaeria | G103: o__Nitrososphaerales | H103: f__Nitrosopumilaceae | I103: g__Nitrosopumilus | J103: s__Nitrosopumilus maritimus | K103: p__Nitrososphaerota | L103: c__Nitrososphaeria | M103: o__Nitrosopumilales | N103: f__Nitrosopumilaceae | O103: g__Nitrosopumilus | P103: s__Nitrosopumilus maritimus | Q103: Marine mesophile | R103: Group 1.1a | S103: Group 1.1a-Nitrosopumilus | T103: sequenced | U103: a tropical marine fish tank at the Seattle Aquarium in Seattle | V103: Washington | W103: RR_culture_102 | X103: 28 | Z103: 7.6 | AD103: 101.6 | AE103: fast | AF103: Culture-growth-rate | AG103: Total GDGTs | AH103: Total GDGTs (Hydrolyzed B-D extracts; CLs + cleaved IPLs) | AI103: 0.1 | AJ103: NP-UHPLC-APCI-qTOF-MS | AK103: =SUM(Table1[[#This Row],[reported_1302]:[reported_1286_iso]]) -> 1 | AL103: 0.17021277 | AM103: 0.11702128 | AN103: 0.15957447 | AO103: 0.085106383 | AP103: 0.45744681 | AQ103: 0.010638298 | BA103: =AL103/SUM($AL103:$AQ103) -> 0.17021277 | BB103: =AM103/SUM($AL103:$AQ103) -> 0.11702128 | BC103: =AN103/SUM($AL103:$AQ103) -> 0.15957447 | BD103: =AO103/SUM($AL103:$AQ103) -> 0.085106383 | BE103: =AP103/SUM($AL103:$AQ103) -> 0.45744681 | BF103: =AQ103/SUM($AL103:$AQ103) -> 0.010638298 | BG103: =#N/A -> #N/A | BH103: Culture | BI103: Culture - AOA | BJ103: Hurley et al. (2016) PNAS | BK103: Data retrieved from Tierney dataset | BL103: Data retrieved from Tierney dataset | BM103: No | BN103: No | BO103: Not reported | BP103: No | BQ103: No | BT103: Hurley et al. (2016) | BU103: Sarah | BV103: https://doi.org/10.1073/pnas.1518534113 | BW103: GTDB Release 214.1; NCBI (retrieved from February 21, 2024)
A104: Pitcher2011_Ca Nitrosoarchaeum limnia SFB1_T22_pH | B104: SFB1 | C104: Ca. Nitrosarchaeum limnia SFB1 | D104: =INDEX(Strain_IDs!C:C,MATCH(Table1[[#This Row],[Strains]],Strain_IDs!D:D,0)) -> 10 | E104: p__Thermoproteota | F104: c__Nitrososphaeria | G104: o__Nitrososphaerales | H104: f__Nitrosopumilaceae | I104: g__Nitrosarchaeum | K104: p__Nitrososphaerota | L104: c__Nitrososphaeria | M104: o__Nitrosopumilales | N104: f__Nitrosopumilaceae | O104: g__Nitrosarchaeum | Q104: Marine mesophile | R104: Group 1.1a | S104: Group 1.1a-Nitrosopumilus | T104: sequenced | U104: marine sediments taken from the San Francisco Bay estuary | V104: San Francisco Bay estuary | W104: RR_culture_103 | X104: 22 | Z104: 7.1 | AB104: 500 | AF104: Culture-temperature | AG104: Total GDGTs | AH104: Total GDGTs (Hydrolyzed B-D extracts; CLs + cleaved IPLs) | AI104: 0.22-0.7 | AJ104: NP-HPLC-APCI-Single Quad-MS | AK104: =SUM(Table1[[#This Row],[reported_1302]:[reported_1286_iso]]) -> 0.969 | AL104: 0.35 | AM104: 0.17 | AN104: 0.05 | AO104: 0.01 | AP104: 0.34 | AQ104: 0.004 | AR104: 0.04 | AW104: 0.005 | BA104: =AL104/SUM($AL104:$AQ104) -> 0.37878788 | BB104: =AM104/SUM($AL104:$AQ104) -> 0.18398268 | BC104: =AN104/SUM($AL104:$AQ104) -> 0.054112554 | BD104: =AO104/SUM($AL104:$AQ104) -> 0.010822511 | BE104: =AP104/SUM($AL104:$AQ104) -> 0.36796537 | BF104: =AQ104/SUM($AL104:$AQ104) -> 0.0043290043 | BG104: =#N/A -> #N/A | BH104: Culture | BI104: Culture - AOA | BJ104: Pitcher et al. (2011) AEM | BK104: Data from original source | BL104: Data from original source | BM104: No | BN104: No | BO104: Not reported | BP104: No | BQ104: No | BT104: Pitcher et al. (2011) | BU104: Angela | BV104: https://doi.org/10.1128/AEM.02758-10 | BW104: GTDB Release 214.1; NCBI (retrieved from February 21, 2024)
A105: Pitcher2011_SJ_T25_pH8.2 | B105: SJ | C105: Nitrosopumilus sp. SJ | D105: =INDEX(Strain_IDs!C:C,MATCH(Table1[[#This Row],[Strains]],Strain_IDs!D:D,0)) -> 8.1 | E105: p__Thermoproteota | F105: c__Nitrososphaeria | G105: o__Nitrososphaerales | H105: f__Nitrosopumilaceae | I105: g__Nitrosopumilus | K105: p__Nitrososphaerota | L105: c__Nitrososphaeria | M105: o__Nitrosopumilales | N105: f__Nitrosopumilaceae | O105: g__Nitrosopumilus | Q105: Marine mesophile | R105: Group 1.1a | S105: Group 1.1a-Nitrosopumilus | T105: sequenced | U105: coastal marine sediments from South Korea | V105: South Korea | W105: RR_culture_104 | X105: 25 | Z105: 8.2 | AB105: 100 | AF105: Culture-temperature | AG105: Total GDGTs | AH105: Total GDGTs (Hydrolyzed B-D extracts; CLs + cleaved IPLs) | AI105: 0.22-0.7 | AJ105: NP-HPLC-APCI-Single Quad-MS | AK105: =SUM(Table1[[#This Row],[reported_1302]:[reported_1286_iso]]) -> 0.9 | AL105: 0.26 | AM105: 0.08 | AN105: 0.11 | AO105: 0.08 | AP105: 0.24 | AQ105: 0.01 | AR105: 0.12 | BA105: =AL105/SUM($AL105:$AQ105) -> 0.33333333 | BB105: =AM105/SUM($AL105:$AQ105) -> 0.1025641 | BC105: =AN105/SUM($AL105:$AQ105) -> 0.14102564 | BD105: =AO105/SUM($AL105:$AQ105) -> 0.1025641 | BE105: =AP105/SUM($AL105:$AQ105) -> 0.30769231 | BF105: =AQ105/SUM($AL105:$AQ105) -> 0.012820513 | BG105: =#N/A -> #N/A | BH105: Culture | BI105: Culture - AOA | BJ105: Pitcher et al. (2011) AEM | BK105: Data from original source | BL105: Data from original source | BM105: No | BN105: No | BO105: Not reported | BP105: No | BQ105: Yes | BT105: Pitcher et al. (2011) | BU105: Angela | BV105: https://doi.org/10.1128/AEM.02758-10 | BW105: GTDB Release 214.1; NCBI (retrieved from February 21, 2024)
...

Sheet Sheet3

Sheet ringIndices_plot_temp

Sheet ringIndices_plot_pH
